tic_id,toi_id,source_catalog,label,confidence,provenance
231663901,101.01,TOI,1.0,1.0,TOI Catalog (Confirmed Planet: KP)
149603524,102.01,TOI,1.0,1.0,TOI Catalog (Confirmed Planet: KP)
47384844,1022.01,TOI,0.0,0.0,TOI Catalog (False Positive/Alarm: FA)
297967252,1025.01,TOI,0.0,0.0,TOI Catalog (False Positive/Alarm: FP)
447283466,1028.01,TOI,0.0,0.0,TOI Catalog (False Positive/Alarm: FP)
336732616,103.01,TOI,1.0,1.0,TOI Catalog (Confirmed Planet: KP)
231670397,104.01,TOI,1.0,1.0,TOI Catalog (Confirmed Planet: KP)
16288184,1049.01,TOI,1.0,1.0,TOI Catalog (Confirmed Planet: KP)
144065872,105.01,TOI,1.0,1.0,TOI Catalog (Confirmed Planet: KP)
66818296,1050.01,TOI,1.0,1.0,TOI Catalog (Confirmed Planet: KP)
259863352,1051.01,TOI,0.0,0.0,TOI Catalog (False Positive/Alarm: FA)
317060587,1052.01,TOI,1.0,1.0,TOI Catalog (Confirmed Planet: CP)
112395568,1053.01,TOI,0.0,0.0,TOI Catalog (False Positive/Alarm: FP)
366989877,1054.01,TOI,1.0,1.0,TOI Catalog (Confirmed Planet: CP)
320004517,1055.01,TOI,1.0,1.0,TOI Catalog (Confirmed Planet: CP)
421894914,1056.01,TOI,1.0,0.75,TOI Catalog (Candidate: PC)
323132914,1057.01,TOI,1.0,0.75,TOI Catalog (Candidate: PC)
31553893,1058.01,TOI,1.0,0.75,TOI Catalog (Candidate: PC)
380783252,1059.01,TOI,1.0,0.75,TOI Catalog (Candidate: PC)
38846515,106.01,TOI,1.0,1.0,TOI Catalog (Confirmed Planet: KP)
101230735,1060.01,TOI,1.0,0.75,TOI Catalog (Candidate: APC)
253990973,1061.01,TOI,0.0,0.0,TOI Catalog (False Positive/Alarm: FP)
299799658,1062.01,TOI,1.0,1.0,TOI Catalog (Confirmed Planet: CP)
406976746,1063.01,TOI,1.0,0.75,TOI Catalog (Candidate: PC)
79748331,1064.01,TOI,1.0,1.0,TOI Catalog (Confirmed Planet: CP)
79748331,1064.02,TOI,1.0,1.0,TOI Catalog (Confirmed Planet: CP)
7088246,1065.01,TOI,1.0,1.0,TOI Catalog (Confirmed Planet: KP)
201604954,1066.01,TOI,1.0,1.0,TOI Catalog (Confirmed Planet: KP)
201642601,1067.01,TOI,1.0,1.0,TOI Catalog (Confirmed Planet: KP)
6663331,1068.01,TOI,1.0,1.0,TOI Catalog (Confirmed Planet: KP)
31858843,1069.01,TOI,1.0,1.0,TOI Catalog (Confirmed Planet: KP)
31858844,1070.01,TOI,0.0,0.0,TOI Catalog (False Positive/Alarm: FP)
120247528,1071.01,TOI,1.0,1.0,TOI Catalog (Confirmed Planet: KP)
140830390,1072.01,TOI,0.0,0.0,TOI Catalog (False Positive/Alarm: FP)
158297421,1073.01,TOI,1.0,1.0,TOI Catalog (Confirmed Planet: CP)
327301957,1074.01,TOI,1.0,0.75,TOI Catalog (Candidate: PC)
351601843,1075.01,TOI,1.0,1.0,TOI Catalog (Confirmed Planet: CP)
360742636,1076.01,TOI,1.0,1.0,TOI Catalog (Confirmed Planet: KP)
369960846,1077.01,TOI,1.0,0.75,TOI Catalog (Candidate: PC)
370133522,1078.01,TOI,1.0,1.0,TOI Catalog (Confirmed Planet: CP)
379240073,1079.01,TOI,1.0,0.75,TOI Catalog (Candidate: PC)
289793076,108.01,TOI,1.0,1.0,TOI Catalog (Confirmed Planet: KP)
161032923,1080.01,TOI,1.0,1.0,TOI Catalog (Confirmed Planet: CP)
253728991,1081.01,TOI,1.0,0.75,TOI Catalog (Candidate: PC)
261108236,1082.01,TOI,1.0,0.75,TOI Catalog (Candidate: PC)
322270620,1083.01,TOI,1.0,0.75,TOI Catalog (Candidate: PC)
380589029,1084.01,TOI,1.0,1.0,TOI Catalog (Confirmed Planet: KP)
381979901,1085.01,TOI,1.0,0.75,TOI Catalog (Candidate: APC)
468148930,1086.01,TOI,1.0,0.75,TOI Catalog (Candidate: PC)
29344935,109.01,TOI,1.0,1.0,TOI Catalog (Confirmed Planet: KP)
383390264,1098.01,TOI,1.0,1.0,TOI Catalog (Confirmed Planet: CP)
290348383,1099.01,TOI,1.0,1.0,TOI Catalog (Confirmed Planet: CP)
281459670,110.01,TOI,1.0,1.0,TOI Catalog (Confirmed Planet: KP)
451599528,1104.01,TOI,0.0,0.0,TOI Catalog (False Positive/Alarm: FP)
50309953,1109.01,TOI,0.0,0.0,TOI Catalog (False Positive/Alarm: FP)
355703913,111.01,TOI,1.0,1.0,TOI Catalog (Confirmed Planet: KP)
409934330,1114.01,TOI,1.0,0.75,TOI Catalog (Candidate: APC)
304100538,1116.01,TOI,1.0,0.75,TOI Catalog (Candidate: PC)
388104525,112.01,TOI,1.0,1.0,TOI Catalog (Confirmed Planet: KP)
128790976,1124.01,TOI,1.0,0.75,TOI Catalog (Candidate: APC)
269450900,1127.01,TOI,0.0,0.0,TOI Catalog (False Positive/Alarm: FP)
97409519,113.01,TOI,1.0,1.0,TOI Catalog (Confirmed Planet: KP)
25155310,114.01,TOI,1.0,1.0,TOI Catalog (Confirmed Planet: KP)
281541555,115.01,TOI,1.0,1.0,TOI Catalog (Confirmed Planet: KP)
238176110,116.01,TOI,1.0,1.0,TOI Catalog (Confirmed Planet: KP)
375542276,1163.01,TOI,1.0,0.75,TOI Catalog (Candidate: PC)
266980320,118.01,TOI,1.0,1.0,TOI Catalog (Confirmed Planet: CP)
278683844,119.01,TOI,1.0,0.75,TOI Catalog (Candidate: PC)
278683844,119.02,TOI,1.0,0.75,TOI Catalog (Candidate: PC)
394137592,120.01,TOI,1.0,1.0,TOI Catalog (Confirmed Planet: CP)
29960110,1201.01,TOI,1.0,1.0,TOI Catalog (Confirmed Planet: CP)
327017634,1202.01,TOI,0.0,0.0,TOI Catalog (False Positive/Alarm: FP)
23434737,1203.01,TOI,1.0,1.0,TOI Catalog (Confirmed Planet: CP)
467666275,1204.01,TOI,1.0,0.75,TOI Catalog (Candidate: PC)
287156968,1230.01,TOI,1.0,1.0,TOI Catalog (Confirmed Planet: CP)
447061717,1231.01,TOI,1.0,1.0,TOI Catalog (Confirmed Planet: CP)
364395234,1232.01,TOI,1.0,1.0,TOI Catalog (Confirmed Planet: CP)
260647166,1233.01,TOI,1.0,1.0,TOI Catalog (Confirmed Planet: CP)
260647166,1233.02,TOI,1.0,1.0,TOI Catalog (Confirmed Planet: CP)
260647166,1233.03,TOI,1.0,1.0,TOI Catalog (Confirmed Planet: CP)
260647166,1233.04,TOI,1.0,1.0,TOI Catalog (Confirmed Planet: CP)
103633434,1235.01,TOI,1.0,1.0,TOI Catalog (Confirmed Planet: CP)
120757718,1236.01,TOI,1.0,1.0,TOI Catalog (Confirmed Planet: KP)
29831208,124.01,TOI,1.0,0.75,TOI Catalog (Candidate: APC)
287776397,1205.01,TOI,1.0,0.75,TOI Catalog (Candidate: PC)
308034948,1206.01,TOI,0.0,0.0,TOI Catalog (False Positive/Alarm: FP)
364393429,1207.01,TOI,1.0,0.75,TOI Catalog (Candidate: PC)
273985865,1208.01,TOI,1.0,0.75,TOI Catalog (Candidate: PC)
273985865,1208.02,TOI,1.0,0.75,TOI Catalog (Candidate: PC)
273985865,1208.03,TOI,1.0,0.75,TOI Catalog (Candidate: PC)
30037565,1209.01,TOI,1.0,0.75,TOI Catalog (Candidate: PC)
207081058,121.01,TOI,1.0,0.75,TOI Catalog (Candidate: APC)
33878688,1210.01,TOI,0.0,0.0,TOI Catalog (False Positive/Alarm: FP)
50312495,1211.01,TOI,1.0,0.75,TOI Catalog (Candidate: PC)
389924075,1212.01,TOI,1.0,0.75,TOI Catalog (Candidate: PC)
399144800,1213.01,TOI,0.0,0.0,TOI Catalog (False Positive/Alarm: FP)
451606970,1214.01,TOI,1.0,0.75,TOI Catalog (Candidate: PC)
453260209,1215.01,TOI,1.0,0.75,TOI Catalog (Candidate: PC)
141527965,1216.01,TOI,1.0,0.75,TOI Catalog (Candidate: PC)
248092710,1217.01,TOI,1.0,0.75,TOI Catalog (Candidate: PC)
294781547,1218.01,TOI,1.0,0.75,TOI Catalog (Candidate: PC)
294981566,1219.01,TOI,1.0,0.75,TOI Catalog (Candidate: PC)
231702397,122.01,TOI,1.0,1.0,TOI Catalog (Confirmed Planet: CP)
319259194,1220.01,TOI,1.0,0.75,TOI Catalog (Candidate: APC)
349095149,1221.01,TOI,1.0,1.0,TOI Catalog (Confirmed Planet: CP)
374997123,1222.01,TOI,1.0,0.75,TOI Catalog (Candidate: PC)
382437043,1223.01,TOI,0.0,0.0,TOI Catalog (False Positive/Alarm: FP)
299798795,1224.01,TOI,1.0,1.0,TOI Catalog (Confirmed Planet: CP)
299798795,1224.02,TOI,1.0,1.0,TOI Catalog (Confirmed Planet: CP)
150428703,1225.01,TOI,1.0,0.75,TOI Catalog (Candidate: PC)
150428703,1225.02,TOI,1.0,0.75,TOI Catalog (Candidate: PC)
177115354,1226.01,TOI,1.0,0.75,TOI Catalog (Candidate: PC)
360156606,1227.01,TOI,1.0,1.0,TOI Catalog (Confirmed Planet: CP)
300038935,1228.01,TOI,1.0,1.0,TOI Catalog (Confirmed Planet: CP)
140760434,1229.01,TOI,1.0,0.75,TOI Catalog (Candidate: APC)
290131778,123.01,TOI,1.0,1.0,TOI Catalog (Confirmed Planet: CP)
229781583,1245.01,TOI,1.0,0.75,TOI Catalog (Candidate: PC)
230127302,1246.01,TOI,1.0,1.0,TOI Catalog (Confirmed Planet: CP)
230127302,1246.02,TOI,1.0,1.0,TOI Catalog (Confirmed Planet: CP)
230127302,1246.03,TOI,1.0,1.0,TOI Catalog (Confirmed Planet: CP)
230127302,1246.04,TOI,1.0,1.0,TOI Catalog (Confirmed Planet: CP)
52368076,125.01,TOI,1.0,1.0,TOI Catalog (Confirmed Planet: CP)
52368076,125.02,TOI,1.0,1.0,TOI Catalog (Confirmed Planet: CP)
52368076,125.03,TOI,1.0,1.0,TOI Catalog (Confirmed Planet: CP)
52368076,125.04,TOI,1.0,0.75,TOI Catalog (Candidate: PC)
233059608,1250.01,TOI,0.0,0.0,TOI Catalog (False Positive/Alarm: FA)
391949880,128.01,TOI,1.0,1.0,TOI Catalog (Confirmed Planet: CP)
201248411,129.01,TOI,1.0,1.0,TOI Catalog (Confirmed Planet: CP)
70440470,126.01,TOI,1.0,1.0,TOI Catalog (Confirmed Planet: KP)
355867695,1260.01,TOI,1.0,1.0,TOI Catalog (Confirmed Planet: CP)
355867695,1260.02,TOI,1.0,1.0,TOI Catalog (Confirmed Planet: CP)
355867695,1260.03,TOI,1.0,1.0,TOI Catalog (Confirmed Planet: CP)
467179528,1266.01,TOI,1.0,1.0,TOI Catalog (Confirmed Planet: CP)
467179528,1266.02,TOI,1.0,1.0,TOI Catalog (Confirmed Planet: CP)
234523599,127.01,TOI,1.0,1.0,TOI Catalog (Confirmed Planet: CP)
263003176,130.01,TOI,1.0,1.0,TOI Catalog (Confirmed Planet: CP)
235037761,131.01,TOI,1.0,0.75,TOI Catalog (Candidate: APC)
89020549,132.01,TOI,1.0,1.0,TOI Catalog (Confirmed Planet: CP)
219338557,133.01,TOI,1.0,0.75,TOI Catalog (Candidate: PC)
260128333,1338.01,TOI,1.0,1.0,TOI Catalog (Confirmed Planet: CP)
234994474,134.01,TOI,1.0,1.0,TOI Catalog (Confirmed Planet: CP)
267263253,135.01,TOI,1.0,1.0,TOI Catalog (Confirmed Planet: CP)
410153553,136.01,TOI,1.0,1.0,TOI Catalog (Confirmed Planet: CP)
69747919,1407.01,TOI,1.0,1.0,TOI Catalog (Confirmed Planet: KP)
403224672,141.01,TOI,1.0,1.0,TOI Catalog (Confirmed Planet: CP)
176957796,137.01,TOI,0.0,0.0,TOI Catalog (False Positive/Alarm: FA)
277683130,138.01,TOI,1.0,0.75,TOI Catalog (Candidate: APC)
62483237,139.01,TOI,1.0,1.0,TOI Catalog (Confirmed Planet: CP)
140068425,140.01,TOI,1.0,0.75,TOI Catalog (Candidate: APC)
425934411,142.01,TOI,1.0,0.75,TOI Catalog (Candidate: PC)
25375553,143.01,TOI,1.0,1.0,TOI Catalog (Confirmed Planet: KP)
198356533,1437.01,TOI,1.0,1.0,TOI Catalog (Confirmed Planet: CP)
229650439,1438.01,TOI,1.0,1.0,TOI Catalog (Confirmed Planet: CP)
229650439,1438.02,TOI,1.0,1.0,TOI Catalog (Confirmed Planet: CP)
232982558,1439.01,TOI,1.0,1.0,TOI Catalog (Confirmed Planet: CP)
261136679,144.01,TOI,1.0,1.0,TOI Catalog (Confirmed Planet: CP)
220435095,147.01,TOI,0.0,0.0,TOI Catalog (False Positive/Alarm: FP)
260985861,149.01,TOI,1.0,0.75,TOI Catalog (Candidate: PC)
271893367,150.01,TOI,1.0,1.0,TOI Catalog (Confirmed Planet: CP)
231081369,153.01,TOI,1.0,0.75,TOI Catalog (Candidate: APC)
140691463,157.01,TOI,1.0,1.0,TOI Catalog (Confirmed Planet: CP)
394657039,159.01,TOI,1.0,1.0,TOI Catalog (Confirmed Planet: CP)
298647682,1643.01,TOI,1.0,0.75,TOI Catalog (Candidate: PC)
350743714,165.01,TOI,0.0,0.0,TOI Catalog (False Positive/Alarm: FP)
348770361,161.01,TOI,1.0,0.75,TOI Catalog (Candidate: PC)
179317684,163.01,TOI,1.0,1.0,TOI Catalog (Confirmed Planet: CP)
183120439,169.01,TOI,1.0,1.0,TOI Catalog (Confirmed Planet: CP)
149990841,167.01,TOI,1.0,0.75,TOI Catalog (Candidate: PC)
394698182,170.01,TOI,1.0,0.75,TOI Catalog (Candidate: PC)
309257814,171.01,TOI,1.0,0.75,TOI Catalog (Candidate: PC)
309257814,171.02,TOI,0.0,0.0,TOI Catalog (False Positive/Alarm: FP)
270341214,173.01,TOI,1.0,0.75,TOI Catalog (Candidate: PC)
270341214,173.02,TOI,1.0,0.75,TOI Catalog (Candidate: PC)
425997655,174.01,TOI,1.0,1.0,TOI Catalog (Confirmed Planet: CP)
425997655,174.02,TOI,1.0,1.0,TOI Catalog (Confirmed Planet: CP)
425997655,174.03,TOI,1.0,1.0,TOI Catalog (Confirmed Planet: CP)
425997655,174.04,TOI,1.0,1.0,TOI Catalog (Confirmed Planet: CP)
425997655,174.05,TOI,1.0,1.0,TOI Catalog (Confirmed Planet: CP)
198206613,1741.01,TOI,1.0,0.75,TOI Catalog (Candidate: PC)
229455001,1744.01,TOI,1.0,1.0,TOI Catalog (Confirmed Planet: CP)
307210830,175.01,TOI,1.0,1.0,TOI Catalog (Confirmed Planet: CP)
307210830,175.02,TOI,1.0,1.0,TOI Catalog (Confirmed Planet: CP)
307210830,175.03,TOI,1.0,1.0,TOI Catalog (Confirmed Planet: CP)
289580577,1753.01,TOI,1.0,1.0,TOI Catalog (Confirmed Planet: CP)
272086159,176.01,TOI,0.0,0.0,TOI Catalog (False Positive/Alarm: FP)
262530407,177.01,TOI,1.0,1.0,TOI Catalog (Confirmed Planet: CP)
251848941,178.01,TOI,1.0,1.0,TOI Catalog (Confirmed Planet: CP)
251848941,178.02,TOI,1.0,1.0,TOI Catalog (Confirmed Planet: CP)
251848941,178.03,TOI,1.0,1.0,TOI Catalog (Confirmed Planet: CP)
251848941,178.04,TOI,1.0,1.0,TOI Catalog (Confirmed Planet: KP)
251848941,178.05,TOI,1.0,1.0,TOI Catalog (Confirmed Planet: KP)
207141131,179.01,TOI,1.0,1.0,TOI Catalog (Confirmed Planet: CP)
304142124,1793.01,TOI,1.0,1.0,TOI Catalog (Confirmed Planet: CP)
51912829,180.01,TOI,1.0,0.75,TOI Catalog (Candidate: APC)
76923707,181.01,TOI,1.0,1.0,TOI Catalog (Confirmed Planet: CP)
341815767,1819.01,TOI,0.0,0.0,TOI Catalog (False Positive/Alarm: FA)
76989773,182.01,TOI,1.0,0.75,TOI Catalog (Candidate: APC)
183979262,183.01,TOI,0.0,0.0,TOI Catalog (False Positive/Alarm: FP)
300871545,184.01,TOI,0.0,0.0,TOI Catalog (False Positive/Alarm: FP)
70513361,262.01,TOI,1.0,1.0,TOI Catalog (Confirmed Planet: CP)
120916706,263.01,TOI,1.0,1.0,TOI Catalog (Confirmed Planet: CP)
211438925,194.01,TOI,1.0,1.0,TOI Catalog (Confirmed Planet: KP)
167009792,1941.01,TOI,0.0,0.0,TOI Catalog (False Positive/Alarm: FP)
308919449,1942.01,TOI,0.0,0.0,TOI Catalog (False Positive/Alarm: FP)
127315102,1946.01,TOI,0.0,0.0,TOI Catalog (False Positive/Alarm: FP)
31268146,1948.01,TOI,0.0,0.0,TOI Catalog (False Positive/Alarm: FP)
230982885,195.01,TOI,1.0,1.0,TOI Catalog (Confirmed Planet: KP)
260043723,217.01,TOI,0.0,0.0,TOI Catalog (False Positive/Alarm: FP)
101948569,240.01,TOI,1.0,0.75,TOI Catalog (Candidate: PC)
142087638,2404.01,TOI,1.0,0.75,TOI Catalog (Candidate: PC)
142087638,2404.02,TOI,0.0,0.0,TOI Catalog (False Positive/Alarm: FP)
142087638,2404.03,TOI,0.0,0.0,TOI Catalog (False Positive/Alarm: FP)
98753307,2639.01,TOI,1.0,0.75,TOI Catalog (Candidate: PC)
122612091,264.01,TOI,1.0,1.0,TOI Catalog (Confirmed Planet: KP)
159951311,265.01,TOI,1.0,1.0,TOI Catalog (Confirmed Planet: KP)
166184426,1955.01,TOI,0.0,0.0,TOI Catalog (False Positive/Alarm: FP)
234519192,196.01,TOI,1.0,0.75,TOI Catalog (Candidate: PC)
293708935,1969.01,TOI,0.0,0.0,TOI Catalog (False Positive/Alarm: FP)
441462736,197.01,TOI,1.0,1.0,TOI Catalog (Confirmed Planet: CP)
32090583,218.01,TOI,1.0,0.75,TOI Catalog (Candidate: PC)
32090583,218.02,TOI,1.0,0.75,TOI Catalog (Candidate: PC)
298663873,2180.01,TOI,1.0,1.0,TOI Catalog (Confirmed Planet: CP)
260609205,219.01,TOI,0.0,0.0,TOI Catalog (False Positive/Alarm: FP)
77031414,241.01,TOI,1.0,1.0,TOI Catalog (Confirmed Planet: KP)
65347776,2418.01,TOI,0.0,0.0,TOI Catalog (False Positive/Alarm: FP)
120585579,242.01,TOI,0.0,0.0,TOI Catalog (False Positive/Alarm: FP)
164767175,266.01,TOI,1.0,1.0,TOI Catalog (Confirmed Planet: CP)
164767175,266.02,TOI,1.0,1.0,TOI Catalog (Confirmed Planet: CP)
12421862,198.01,TOI,1.0,1.0,TOI Catalog (Confirmed Planet: CP)
468997317,1986.01,TOI,1.0,0.75,TOI Catalog (Candidate: APC)
150098860,220.01,TOI,1.0,1.0,TOI Catalog (Confirmed Planet: CP)
197807043,2423.01,TOI,1.0,0.75,TOI Catalog (Candidate: PC)
97486178,2426.01,TOI,1.0,0.75,TOI Catalog (Candidate: PC)
420051632,2429.01,TOI,1.0,0.75,TOI Catalog (Candidate: PC)
149010208,243.01,TOI,1.0,0.75,TOI Catalog (Candidate: APC)
166836920,267.01,TOI,1.0,1.0,TOI Catalog (Confirmed Planet: KP)
219253008,268.01,TOI,1.0,0.75,TOI Catalog (Candidate: PC)
309792357,199.01,TOI,1.0,1.0,TOI Catalog (Confirmed Planet: CP)
410214986,200.01,TOI,1.0,1.0,TOI Catalog (Confirmed Planet: CP)
316937670,221.01,TOI,0.0,0.0,TOI Catalog (False Positive/Alarm: FP)
144440290,222.01,TOI,0.0,0.0,TOI Catalog (False Positive/Alarm: FP)
441420236,2221.01,TOI,1.0,1.0,TOI Catalog (Confirmed Planet: CP)
118327550,244.01,TOI,1.0,1.0,TOI Catalog (Confirmed Planet: CP)
219175972,2441.01,TOI,1.0,0.75,TOI Catalog (Candidate: PC)
219175972,2441.02,TOI,1.0,0.75,TOI Catalog (Candidate: PC)
439867639,2445.01,TOI,1.0,1.0,TOI Catalog (Confirmed Planet: CP)
142868621,2446.01,TOI,1.0,0.75,TOI Catalog (Candidate: PC)
1167538,2447.01,TOI,1.0,1.0,TOI Catalog (Confirmed Planet: CP)
170729775,2449.01,TOI,1.0,1.0,TOI Catalog (Confirmed Planet: CP)
154618248,245.01,TOI,1.0,0.75,TOI Catalog (Candidate: PC)
279740441,273.01,TOI,0.0,0.0,TOI Catalog (False Positive/Alarm: FP)
219466784,2007.01,TOI,1.0,0.75,TOI Catalog (Candidate: PC)
70887357,2008.01,TOI,0.0,0.0,TOI Catalog (False Positive/Alarm: FP)
350618622,201.01,TOI,1.0,1.0,TOI Catalog (Confirmed Planet: CP)
350618622,201.02,TOI,1.0,0.75,TOI Catalog (Candidate: PC)
136916387,2011.01,TOI,1.0,1.0,TOI Catalog (Confirmed Planet: KP)
136916387,2011.02,TOI,1.0,1.0,TOI Catalog (Confirmed Planet: KP)
136916387,2011.03,TOI,1.0,1.0,TOI Catalog (Confirmed Planet: KP)
405425498,2227.01,TOI,1.0,0.75,TOI Catalog (Candidate: APC)
405425498,2227.02,TOI,1.0,0.75,TOI Catalog (Candidate: APC)
326453034,223.01,TOI,0.0,0.0,TOI Catalog (False Positive/Alarm: FA)
59128183,2453.01,TOI,1.0,0.75,TOI Catalog (Candidate: PC)
192790476,2459.01,TOI,1.0,1.0,TOI Catalog (Confirmed Planet: CP)
158623531,246.01,TOI,1.0,1.0,TOI Catalog (Confirmed Planet: KP)
382188882,276.01,TOI,0.0,0.0,TOI Catalog (False Positive/Alarm: FP)
355509914,202.01,TOI,1.0,0.75,TOI Catalog (Candidate: PC)
70797900,224.01,TOI,1.0,0.75,TOI Catalog (Candidate: APC)
349786918,2246.01,TOI,0.0,0.0,TOI Catalog (False Positive/Alarm: FP)
47525799,225.01,TOI,1.0,0.75,TOI Catalog (Candidate: PC)
71013298,2467.01,TOI,1.0,0.75,TOI Catalog (Candidate: PC)
160148385,247.01,TOI,1.0,1.0,TOI Catalog (Confirmed Planet: KP)
248650906,2472.01,TOI,1.0,0.75,TOI Catalog (Candidate: PC)
167661160,2479.01,TOI,1.0,0.75,TOI Catalog (Candidate: PC)
201793781,248.01,TOI,1.0,0.75,TOI Catalog (Candidate: PC)
262258341,2481.01,TOI,1.0,0.75,TOI Catalog (Candidate: PC)
220479565,269.01,TOI,1.0,1.0,TOI Catalog (Confirmed Planet: CP)
259377017,270.01,TOI,1.0,1.0,TOI Catalog (Confirmed Planet: CP)
259377017,270.02,TOI,1.0,1.0,TOI Catalog (Confirmed Planet: CP)
259377017,270.03,TOI,1.0,1.0,TOI Catalog (Confirmed Planet: CP)
259962054,203.01,TOI,0.0,0.0,TOI Catalog (False Positive/Alarm: FA)
281781375,204.01,TOI,1.0,0.75,TOI Catalog (Candidate: PC)
47484268,226.01,TOI,0.0,0.0,TOI Catalog (False Positive/Alarm: FP)
179985715,249.01,TOI,1.0,0.75,TOI Catalog (Candidate: PC)
281979481,274.01,TOI,0.0,0.0,TOI Catalog (False Positive/Alarm: FP)
373844472,275.01,TOI,1.0,0.75,TOI Catalog (Candidate: APC)
281575427,205.01,TOI,1.0,0.75,TOI Catalog (Candidate: PC)
55650590,206.01,TOI,1.0,1.0,TOI Catalog (Confirmed Planet: CP)
2760710,227.01,TOI,0.0,0.0,TOI Catalog (False Positive/Alarm: FA)
198178505,2270.01,TOI,1.0,0.75,TOI Catalog (Candidate: PC)
289164482,2274.01,TOI,1.0,1.0,TOI Catalog (Confirmed Planet: CP)
289164482,2274.02,TOI,1.0,0.75,TOI Catalog (Candidate: PC)
184240683,250.01,TOI,1.0,1.0,TOI Catalog (Confirmed Planet: KP)
354519019,2507.01,TOI,1.0,0.75,TOI Catalog (Candidate: PC)
224225541,251.01,TOI,1.0,1.0,TOI Catalog (Confirmed Planet: CP)
170103435,2510.01,TOI,0.0,0.0,TOI Catalog (False Positive/Alarm: FP)
439456714,277.01,TOI,1.0,1.0,TOI Catalog (Confirmed Planet: CP)
244161191,278.01,TOI,1.0,0.75,TOI Catalog (Candidate: PC)
417931300,2068.01,TOI,1.0,1.0,TOI Catalog (Confirmed Planet: CP)
260271203,207.01,TOI,0.0,0.0,TOI Catalog (False Positive/Alarm: FP)
77044471,228.01,TOI,1.0,1.0,TOI Catalog (Confirmed Planet: KP)
237201858,2286.01,TOI,1.0,0.75,TOI Catalog (Candidate: PC)
120610833,229.01,TOI,1.0,1.0,TOI Catalog (Confirmed Planet: KP)
124491883,2512.01,TOI,1.0,0.75,TOI Catalog (Candidate: PC)
317134140,2514.01,TOI,1.0,0.75,TOI Catalog (Candidate: PC)
237924601,252.01,TOI,1.0,0.75,TOI Catalog (Candidate: APC)
259511357,271.01,TOI,1.0,0.75,TOI Catalog (Candidate: APC)
268766053,272.01,TOI,1.0,1.0,TOI Catalog (Confirmed Planet: KP)
314865962,208.01,TOI,1.0,0.75,TOI Catalog (Candidate: PC)
321669174,2081.01,TOI,1.0,1.0,TOI Catalog (Confirmed Planet: CP)
321669174,2081.02,TOI,1.0,0.75,TOI Catalog (Candidate: PC)
165554103,2296.01,TOI,1.0,0.75,TOI Catalog (Candidate: PC)
233500935,2297.01,TOI,1.0,0.75,TOI Catalog (Candidate: PC)
160074939,230.01,TOI,0.0,0.0,TOI Catalog (False Positive/Alarm: FA)
322063810,253.01,TOI,1.0,0.75,TOI Catalog (Candidate: PC)
49687222,254.01,TOI,0.0,0.0,TOI Catalog (False Positive/Alarm: FA)
354518617,2540.01,TOI,1.0,0.75,TOI Catalog (Candidate: PC)
354518617,2540.02,TOI,1.0,0.75,TOI Catalog (Candidate: APC)
100100827,185.01,TOI,1.0,1.0,TOI Catalog (Confirmed Planet: KP)
279741379,186.01,TOI,1.0,1.0,TOI Catalog (Confirmed Planet: CP)
279741379,186.02,TOI,1.0,1.0,TOI Catalog (Confirmed Planet: CP)
323295479,1861.01,TOI,1.0,0.75,TOI Catalog (Candidate: PC)
52204645,209.01,TOI,1.0,0.75,TOI Catalog (Candidate: APC)
219778329,2091.01,TOI,1.0,0.75,TOI Catalog (Candidate: PC)
204376737,231.01,TOI,1.0,1.0,TOI Catalog (Confirmed Planet: KP)
402026209,232.01,TOI,1.0,1.0,TOI Catalog (Confirmed Planet: KP)
149845414,2545.01,TOI,1.0,1.0,TOI Catalog (Confirmed Planet: CP)
204317710,255.01,TOI,1.0,1.0,TOI Catalog (Confirmed Planet: KP)
260304296,187.01,TOI,1.0,0.75,TOI Catalog (Candidate: APC)
141608198,210.01,TOI,1.0,0.75,TOI Catalog (Candidate: PC)
165527918,2101.01,TOI,1.0,0.75,TOI Catalog (Candidate: PC)
160491359,2103.01,TOI,1.0,0.75,TOI Catalog (Candidate: PC)
160491359,2103.02,TOI,1.0,0.75,TOI Catalog (Candidate: PC)
177308364,2327.01,TOI,1.0,0.75,TOI Catalog (Candidate: PC)
415969908,233.01,TOI,1.0,0.75,TOI Catalog (Candidate: PC)
415969908,233.02,TOI,1.0,0.75,TOI Catalog (Candidate: PC)
92226327,256.01,TOI,1.0,1.0,TOI Catalog (Confirmed Planet: KP)
92226327,256.02,TOI,1.0,1.0,TOI Catalog (Confirmed Planet: KP)
200723869,257.01,TOI,1.0,1.0,TOI Catalog (Confirmed Planet: CP)
280830734,188.01,TOI,1.0,0.75,TOI Catalog (Candidate: APC)
278866211,189.01,TOI,0.0,0.0,TOI Catalog (False Positive/Alarm: FP)
139198430,1891.01,TOI,1.0,0.75,TOI Catalog (Candidate: APC)
300293197,211.01,TOI,1.0,0.75,TOI Catalog (Candidate: APC)
394029948,2110.01,TOI,0.0,0.0,TOI Catalog (False Positive/Alarm: FA)
206609630,212.01,TOI,1.0,0.75,TOI Catalog (Candidate: APC)
12423815,234.01,TOI,1.0,0.75,TOI Catalog (Candidate: PC)
280095254,235.01,TOI,1.0,0.75,TOI Catalog (Candidate: PC)
350445771,258.01,TOI,0.0,0.0,TOI Catalog (False Positive/Alarm: FP)
62530991,2585.01,TOI,0.0,0.0,TOI Catalog (False Positive/Alarm: FP)
63698669,1892.01,TOI,1.0,0.75,TOI Catalog (Candidate: PC)
280865159,1894.01,TOI,1.0,0.75,TOI Catalog (Candidate: PC)
384159646,1895.01,TOI,1.0,0.75,TOI Catalog (Candidate: PC)
166739520,190.01,TOI,1.0,1.0,TOI Catalog (Confirmed Planet: KP)
234345288,213.01,TOI,1.0,0.75,TOI Catalog (Candidate: PC)
234345288,213.02,TOI,1.0,0.75,TOI Catalog (Candidate: PC)
177079323,2353.01,TOI,1.0,0.75,TOI Catalog (Candidate: PC)
9727392,236.01,TOI,0.0,0.0,TOI Catalog (False Positive/Alarm: FP)
12862099,259.01,TOI,1.0,1.0,TOI Catalog (Confirmed Planet: KP)
37749396,260.01,TOI,1.0,1.0,TOI Catalog (Confirmed Planet: CP)
183532609,191.01,TOI,1.0,1.0,TOI Catalog (Confirmed Planet: KP)
183537452,192.01,TOI,1.0,1.0,TOI Catalog (Confirmed Planet: KP)
167415965,214.01,TOI,1.0,0.75,TOI Catalog (Candidate: PC)
167415965,214.02,TOI,1.0,0.75,TOI Catalog (Candidate: PC)
305048087,237.01,TOI,1.0,1.0,TOI Catalog (Confirmed Planet: CP)
9006668,238.01,TOI,1.0,1.0,TOI Catalog (Confirmed Planet: CP)
146776480,2605.01,TOI,1.0,0.75,TOI Catalog (Candidate: APC)
149539158,2607.01,TOI,0.0,0.0,TOI Catalog (False Positive/Alarm: FA)
63898957,261.01,TOI,1.0,1.0,TOI Catalog (Confirmed Planet: CP)
63898957,261.02,TOI,1.0,1.0,TOI Catalog (Confirmed Planet: CP)
183985250,193.01,TOI,1.0,1.0,TOI Catalog (Confirmed Planet: CP)
231912935,215.01,TOI,1.0,0.75,TOI Catalog (Candidate: PC)
55652896,216.01,TOI,1.0,1.0,TOI Catalog (Confirmed Planet: CP)
55652896,216.02,TOI,1.0,1.0,TOI Catalog (Confirmed Planet: CP)
382625239,2388.01,TOI,1.0,0.75,TOI Catalog (Candidate: PC)
9725627,239.01,TOI,1.0,1.0,TOI Catalog (Confirmed Planet: KP)
301160638,3487.01,TOI,1.0,0.75,TOI Catalog (Candidate: APC)
280097543,375.01,TOI,1.0,0.75,TOI Catalog (Candidate: PC)
382474101,349.01,TOI,0.0,0.0,TOI Catalog (False Positive/Alarm: FP)
165827520,3494.01,TOI,1.0,0.75,TOI Catalog (Candidate: PC)
272167060,3495.01,TOI,1.0,0.75,TOI Catalog (Candidate: PC)
167418898,383.01,TOI,0.0,0.0,TOI Catalog (False Positive/Alarm: FP)
207084429,381.01,TOI,0.0,0.0,TOI Catalog (False Positive/Alarm: FP)
300810086,385.01,TOI,0.0,0.0,TOI Catalog (False Positive/Alarm: FP)
220396259,379.01,TOI,0.0,0.0,TOI Catalog (False Positive/Alarm: FP)
122613513,279.01,TOI,1.0,0.75,TOI Catalog (Candidate: PC)
42054565,280.01,TOI,1.0,0.75,TOI Catalog (Candidate: PC)
38696105,281.01,TOI,1.0,0.75,TOI Catalog (Candidate: PC)
105801221,2812.01,TOI,0.0,0.0,TOI Catalog (False Positive/Alarm: FP)
391903064,3353.01,TOI,1.0,1.0,TOI Catalog (Confirmed Planet: CP)
391903064,3353.02,TOI,1.0,0.75,TOI Catalog (Candidate: PC)
55452495,336.01,TOI,0.0,0.0,TOI Catalog (False Positive/Alarm: FP)
29781292,282.01,TOI,1.0,1.0,TOI Catalog (Confirmed Planet: CP)
29781292,282.02,TOI,0.0,0.0,TOI Catalog (False Positive/Alarm: FA)
29781292,282.03,TOI,1.0,1.0,TOI Catalog (Confirmed Planet: CP)
29781292,282.04,TOI,1.0,1.0,TOI Catalog (Confirmed Planet: CP)
382626661,283.01,TOI,1.0,1.0,TOI Catalog (Confirmed Planet: CP)
277103955,284.01,TOI,0.0,0.0,TOI Catalog (False Positive/Alarm: FP)
9033144,367.01,TOI,0.0,0.0,TOI Catalog (False Positive/Alarm: FP)
220459976,285.01,TOI,1.0,0.75,TOI Catalog (Candidate: PC)
150030205,286.01,TOI,1.0,1.0,TOI Catalog (Confirmed Planet: CP)
150030205,286.02,TOI,1.0,1.0,TOI Catalog (Confirmed Planet: CP)
47316976,288.01,TOI,1.0,0.75,TOI Catalog (Candidate: PC)
4616072,466.01,TOI,1.0,1.0,TOI Catalog (Confirmed Planet: KP)
20178111,467.01,TOI,0.0,0.0,TOI Catalog (False Positive/Alarm: FP)
178155732,396.01,TOI,1.0,1.0,TOI Catalog (Confirmed Planet: CP)
178155732,396.02,TOI,1.0,1.0,TOI Catalog (Confirmed Planet: CP)
178155732,396.03,TOI,1.0,1.0,TOI Catalog (Confirmed Planet: CP)
117979455,422.01,TOI,1.0,0.75,TOI Catalog (Candidate: APC)
14091704,445.01,TOI,1.0,0.75,TOI Catalog (Candidate: PC)
1449640,446.01,TOI,1.0,0.75,TOI Catalog (Candidate: APC)
33521996,468.01,TOI,1.0,1.0,TOI Catalog (Confirmed Planet: KP)
33692729,469.01,TOI,1.0,1.0,TOI Catalog (Confirmed Planet: CP)
219379012,397.01,TOI,0.0,0.0,TOI Catalog (False Positive/Alarm: FP)
1129033,398.01,TOI,1.0,1.0,TOI Catalog (Confirmed Planet: KP)
43647325,423.01,TOI,1.0,1.0,TOI Catalog (Confirmed Planet: KP)
117979694,424.01,TOI,0.0,0.0,TOI Catalog (False Positive/Alarm: FP)
14091633,447.01,TOI,1.0,0.75,TOI Catalog (Candidate: APC)
37770169,470.01,TOI,1.0,1.0,TOI Catalog (Confirmed Planet: CP)
219388773,399.01,TOI,0.0,0.0,TOI Catalog (False Positive/Alarm: FP)
35857242,400.01,TOI,1.0,1.0,TOI Catalog (Confirmed Planet: KP)
169532369,425.01,TOI,0.0,0.0,TOI Catalog (False Positive/Alarm: FP)
189013224,426.01,TOI,1.0,0.75,TOI Catalog (Candidate: PC)
1528696,448.01,TOI,1.0,1.0,TOI Catalog (Confirmed Planet: CP)
139528693,449.01,TOI,1.0,1.0,TOI Catalog (Confirmed Planet: KP)
47911178,471.01,TOI,1.0,1.0,TOI Catalog (Confirmed Planet: KP)
52280468,472.01,TOI,1.0,0.75,TOI Catalog (Candidate: APC)
259701242,401.01,TOI,0.0,0.0,TOI Catalog (False Positive/Alarm: FP)
70914192,427.01,TOI,1.0,0.75,TOI Catalog (Candidate: APC)
77951245,450.01,TOI,1.0,0.75,TOI Catalog (Candidate: APC)
167719618,4503.01,TOI,1.0,0.75,TOI Catalog (Candidate: PC)
52640302,473.01,TOI,1.0,1.0,TOI Catalog (Confirmed Planet: KP)
170102285,477.01,TOI,1.0,1.0,TOI Catalog (Confirmed Planet: KP)
120896927,402.01,TOI,1.0,1.0,TOI Catalog (Confirmed Planet: CP)
120896927,402.02,TOI,1.0,1.0,TOI Catalog (Confirmed Planet: CP)
257567854,403.01,TOI,1.0,1.0,TOI Catalog (Confirmed Planet: KP)
117979850,428.01,TOI,1.0,0.75,TOI Catalog (Candidate: APC)
259592689,429.01,TOI,1.0,0.75,TOI Catalog (Candidate: PC)
434105094,4506.01,TOI,1.0,0.75,TOI Catalog (Candidate: PC)
179582003,4507.01,TOI,1.0,1.0,TOI Catalog (Confirmed Planet: CP)
170789802,4508.01,TOI,1.0,0.75,TOI Catalog (Candidate: PC)
257605131,451.01,TOI,1.0,1.0,TOI Catalog (Confirmed Planet: CP)
257605131,451.02,TOI,1.0,1.0,TOI Catalog (Confirmed Planet: CP)
257605131,451.03,TOI,1.0,1.0,TOI Catalog (Confirmed Planet: CP)
317548889,480.01,TOI,1.0,1.0,TOI Catalog (Confirmed Planet: CP)
339672028,481.01,TOI,1.0,1.0,TOI Catalog (Confirmed Planet: CP)
166833457,404.01,TOI,1.0,1.0,TOI Catalog (Confirmed Planet: KP)
176984236,405.01,TOI,0.0,0.0,TOI Catalog (False Positive/Alarm: FP)
72668830,4296.01,TOI,0.0,0.0,TOI Catalog (False Positive/Alarm: FA)
72668830,4296.02,TOI,1.0,0.75,TOI Catalog (Candidate: PC)
72668830,4296.03,TOI,1.0,0.75,TOI Catalog (Candidate: PC)
28116365,4297.01,TOI,1.0,0.75,TOI Catalog (Candidate: PC)
146282666,4298.01,TOI,1.0,0.75,TOI Catalog (Candidate: PC)
459942762,430.01,TOI,0.0,0.0,TOI Catalog (False Positive/Alarm: FP)
182078202,4302.01,TOI,1.0,0.75,TOI Catalog (Candidate: PC)
200296137,4303.01,TOI,1.0,0.75,TOI Catalog (Candidate: PC)
366443426,4304.01,TOI,1.0,1.0,TOI Catalog (Confirmed Planet: KP)
366443426,4304.03,TOI,1.0,1.0,TOI Catalog (Confirmed Planet: KP)
372068780,4305.01,TOI,1.0,0.75,TOI Catalog (Candidate: PC)
372068780,4305.02,TOI,1.0,0.75,TOI Catalog (Candidate: PC)
139733308,452.01,TOI,1.0,1.0,TOI Catalog (Confirmed Planet: KP)
452808876,453.01,TOI,1.0,1.0,TOI Catalog (Confirmed Planet: KP)
59843967,474.01,TOI,1.0,1.0,TOI Catalog (Confirmed Planet: KP)
100608026,475.01,TOI,1.0,0.75,TOI Catalog (Candidate: PC)
153065527,406.01,TOI,1.0,1.0,TOI Catalog (Confirmed Planet: CP)
153065527,406.02,TOI,1.0,1.0,TOI Catalog (Confirmed Planet: CP)
44898913,4306.01,TOI,1.0,1.0,TOI Catalog (Confirmed Planet: CP)
141186075,4307.01,TOI,1.0,0.75,TOI Catalog (Candidate: PC)
141186075,4307.02,TOI,1.0,0.75,TOI Catalog (Candidate: PC)
144193715,4308.01,TOI,1.0,1.0,TOI Catalog (Confirmed Planet: CP)
56662591,4309.01,TOI,1.0,0.75,TOI Catalog (Candidate: PC)
31374837,431.01,TOI,1.0,1.0,TOI Catalog (Confirmed Planet: CP)
31374837,431.02,TOI,1.0,1.0,TOI Catalog (Confirmed Planet: CP)
303317324,4310.01,TOI,1.0,0.75,TOI Catalog (Candidate: PC)
122617317,4311.01,TOI,1.0,1.0,TOI Catalog (Confirmed Planet: CP)
122617317,4311.02,TOI,1.0,1.0,TOI Catalog (Confirmed Planet: CP)
251086776,4312.01,TOI,0.0,0.0,TOI Catalog (False Positive/Alarm: FA)
294324819,4313.01,TOI,1.0,0.75,TOI Catalog (Candidate: PC)
459952217,4314.01,TOI,0.0,0.0,TOI Catalog (False Positive/Alarm: FA)
139148528,4315.01,TOI,1.0,0.75,TOI Catalog (Candidate: PC)
7020254,4316.01,TOI,1.0,1.0,TOI Catalog (Confirmed Planet: KP)
422914082,4317.01,TOI,1.0,0.75,TOI Catalog (Candidate: PC)
153077621,454.01,TOI,1.0,0.75,TOI Catalog (Candidate: APC)
435339847,4544.01,TOI,1.0,1.0,TOI Catalog (Confirmed Planet: KP)
172464366,478.01,TOI,0.0,0.0,TOI Catalog (False Positive/Alarm: FP)
306362738,479.01,TOI,1.0,1.0,TOI Catalog (Confirmed Planet: KP)
349518800,407.01,TOI,1.0,0.75,TOI Catalog (Candidate: APC)
176778112,408.01,TOI,0.0,0.0,TOI Catalog (False Positive/Alarm: FP)
311130133,4318.01,TOI,1.0,0.75,TOI Catalog (Candidate: PC)
157115010,4319.01,TOI,1.0,0.75,TOI Catalog (Candidate: PC)
38686737,432.01,TOI,0.0,0.0,TOI Catalog (False Positive/Alarm: FP)
404518509,4320.01,TOI,1.0,1.0,TOI Catalog (Confirmed Planet: CP)
404518509,4320.02,TOI,0.0,0.0,TOI Catalog (False Positive/Alarm: FA)
325081244,4321.01,TOI,1.0,0.75,TOI Catalog (Candidate: PC)
13883872,4322.01,TOI,1.0,0.75,TOI Catalog (Candidate: PC)
143022742,4323.01,TOI,0.0,0.0,TOI Catalog (False Positive/Alarm: FA)
143022742,4323.02,TOI,0.0,0.0,TOI Catalog (False Positive/Alarm: FA)
408416746,4324.01,TOI,1.0,0.75,TOI Catalog (Candidate: PC)
202185707,4325.01,TOI,1.0,0.75,TOI Catalog (Candidate: PC)
303586471,4326.01,TOI,1.0,0.75,TOI Catalog (Candidate: PC)
140687214,4327.01,TOI,1.0,0.75,TOI Catalog (Candidate: PC)
77175217,4328.01,TOI,1.0,0.75,TOI Catalog (Candidate: PC)
188989177,433.01,TOI,0.0,0.0,TOI Catalog (False Positive/Alarm: FP)
98796344,455.01,TOI,1.0,1.0,TOI Catalog (Confirmed Planet: CP)
248250955,4552.01,TOI,1.0,1.0,TOI Catalog (Confirmed Planet: CP)
369768787,4554.01,TOI,1.0,0.75,TOI Catalog (Candidate: PC)
141770198,4555.01,TOI,1.0,0.75,TOI Catalog (Candidate: PC)
107018378,4556.01,TOI,1.0,0.75,TOI Catalog (Candidate: PC)
258917846,4557.01,TOI,1.0,0.75,TOI Catalog (Candidate: PC)
220414682,4558.01,TOI,1.0,0.75,TOI Catalog (Candidate: PC)
271169413,4559.01,TOI,1.0,1.0,TOI Catalog (Confirmed Planet: CP)
77228304,456.01,TOI,0.0,0.0,TOI Catalog (False Positive/Alarm: FP)
365639282,482.01,TOI,0.0,0.0,TOI Catalog (False Positive/Alarm: FP)
167754523,409.01,TOI,0.0,0.0,TOI Catalog (False Positive/Alarm: FP)
206466531,410.01,TOI,0.0,0.0,TOI Catalog (False Positive/Alarm: FP)
78055054,434.01,TOI,1.0,1.0,TOI Catalog (Confirmed Planet: KP)
62301521,4341.01,TOI,0.0,0.0,TOI Catalog (False Positive/Alarm: FA)
354944123,4342.01,TOI,1.0,1.0,TOI Catalog (Confirmed Planet: CP)
354944123,4342.02,TOI,1.0,1.0,TOI Catalog (Confirmed Planet: CP)
278988097,4343.01,TOI,1.0,0.75,TOI Catalog (Candidate: PC)
307716123,4560.01,TOI,1.0,0.75,TOI Catalog (Candidate: PC)
33716474,4561.01,TOI,1.0,0.75,TOI Catalog (Candidate: PC)
418255064,4563.01,TOI,1.0,0.75,TOI Catalog (Candidate: PC)
381897917,4565.01,TOI,1.0,0.75,TOI Catalog (Candidate: PC)
307849973,4567.01,TOI,1.0,0.75,TOI Catalog (Candidate: PC)
307849973,4567.02,TOI,1.0,0.75,TOI Catalog (Candidate: PC)
447088034,4568.01,TOI,1.0,0.75,TOI Catalog (Candidate: PC)
89256802,457.01,TOI,1.0,0.75,TOI Catalog (Candidate: PC)
156987351,476.01,TOI,1.0,0.75,TOI Catalog (Candidate: PC)
100990000,411.01,TOI,1.0,1.0,TOI Catalog (Confirmed Planet: CP)
100990000,411.02,TOI,1.0,1.0,TOI Catalog (Confirmed Planet: CP)
38939275,4344.01,TOI,1.0,0.75,TOI Catalog (Candidate: PC)
469791892,4345.01,TOI,1.0,0.75,TOI Catalog (Candidate: PC)
389371332,4346.01,TOI,0.0,0.0,TOI Catalog (False Positive/Alarm: FP)
32498058,4347.01,TOI,1.0,0.75,TOI Catalog (Candidate: PC)
350299588,4348.01,TOI,1.0,0.75,TOI Catalog (Candidate: PC)
313889049,4349.01,TOI,1.0,0.75,TOI Catalog (Candidate: PC)
44647437,435.01,TOI,1.0,0.75,TOI Catalog (Candidate: PC)
50379036,4350.01,TOI,1.0,0.75,TOI Catalog (Candidate: PC)
358253047,4351.01,TOI,1.0,0.75,TOI Catalog (Candidate: PC)
237332812,4352.01,TOI,1.0,0.75,TOI Catalog (Candidate: PC)
176797879,4353.01,TOI,1.0,0.75,TOI Catalog (Candidate: PC)
332715376,4354.01,TOI,1.0,0.75,TOI Catalog (Candidate: PC)
260655847,4355.01,TOI,1.0,0.75,TOI Catalog (Candidate: PC)
149389419,4356.01,TOI,1.0,0.75,TOI Catalog (Candidate: PC)
300011941,4357.01,TOI,0.0,0.0,TOI Catalog (False Positive/Alarm: FP)
64071894,458.01,TOI,1.0,0.75,TOI Catalog (Candidate: PC)
416534875,4586.01,TOI,1.0,0.75,TOI Catalog (Candidate: PC)
7624182,412.01,TOI,0.0,0.0,TOI Catalog (False Positive/Alarm: FP)
170634116,413.01,TOI,1.0,1.0,TOI Catalog (Confirmed Planet: KP)
273418421,4358.01,TOI,1.0,0.75,TOI Catalog (Candidate: PC)
133505138,4359.01,TOI,0.0,0.0,TOI Catalog (False Positive/Alarm: FP)
44745077,436.01,TOI,0.0,0.0,TOI Catalog (False Positive/Alarm: FP)
52307802,4360.01,TOI,1.0,0.75,TOI Catalog (Candidate: PC)
334632624,4361.01,TOI,1.0,0.75,TOI Catalog (Candidate: PC)
238164799,4362.01,TOI,1.0,0.75,TOI Catalog (Candidate: PC)
325682877,4363.01,TOI,1.0,0.75,TOI Catalog (Candidate: PC)
4070275,4364.01,TOI,1.0,1.0,TOI Catalog (Confirmed Planet: CP)
313675203,4367.01,TOI,0.0,0.0,TOI Catalog (False Positive/Alarm: FP)
278862750,4369.01,TOI,1.0,0.75,TOI Catalog (Candidate: PC)
32499655,437.01,TOI,1.0,1.0,TOI Catalog (Confirmed Planet: KP)
48031665,4588.01,TOI,1.0,0.75,TOI Catalog (Candidate: PC)
38603673,459.01,TOI,1.0,0.75,TOI Catalog (Candidate: APC)
92359850,387.01,TOI,0.0,0.0,TOI Catalog (False Positive/Alarm: FP)
422655579,388.01,TOI,1.0,1.0,TOI Catalog (Confirmed Planet: KP)
325680697,414.01,TOI,0.0,0.0,TOI Catalog (False Positive/Alarm: FP)
468880077,438.01,TOI,1.0,0.75,TOI Catalog (Candidate: PC)
9804616,460.01,TOI,0.0,0.0,TOI Catalog (False Positive/Alarm: FP)
4646810,461.01,TOI,1.0,1.0,TOI Catalog (Confirmed Planet: CP)
271900960,389.01,TOI,0.0,0.0,TOI Catalog (False Positive/Alarm: FP)
250386181,390.01,TOI,0.0,0.0,TOI Catalog (False Positive/Alarm: FP)
152476657,415.01,TOI,1.0,1.0,TOI Catalog (Confirmed Planet: KP)
49899799,416.01,TOI,0.0,0.0,TOI Catalog (False Positive/Alarm: FP)
13021029,439.01,TOI,1.0,1.0,TOI Catalog (Confirmed Planet: KP)
143350972,440.01,TOI,0.0,0.0,TOI Catalog (False Positive/Alarm: FP)
197807778,4402.01,TOI,1.0,0.75,TOI Catalog (Candidate: PC)
420049884,462.01,TOI,1.0,0.75,TOI Catalog (Candidate: PC)
404421005,4628.01,TOI,1.0,1.0,TOI Catalog (Confirmed Planet: KP)
304339227,4629.01,TOI,1.0,0.75,TOI Catalog (Candidate: PC)
382391899,391.01,TOI,1.0,1.0,TOI Catalog (Confirmed Planet: KP)
339733013,417.01,TOI,0.0,0.0,TOI Catalog (False Positive/Alarm: FP)
289988797,4178.01,TOI,0.0,0.0,TOI Catalog (False Positive/Alarm: FP)
178284730,418.01,TOI,1.0,1.0,TOI Catalog (Confirmed Planet: KP)
316916655,441.01,TOI,0.0,0.0,TOI Catalog (False Positive/Alarm: FP)
280803800,4410.01,TOI,1.0,0.75,TOI Catalog (Candidate: PC)
366484980,4411.01,TOI,1.0,1.0,TOI Catalog (Confirmed Planet: KP)
142019343,4413.01,TOI,1.0,0.75,TOI Catalog (Candidate: PC)
176831592,463.01,TOI,0.0,0.0,TOI Catalog (False Positive/Alarm: FP)
292202337,4630.01,TOI,1.0,0.75,TOI Catalog (Candidate: PC)
313006381,4631.01,TOI,1.0,0.75,TOI Catalog (Candidate: PC)
398733009,464.01,TOI,0.0,0.0,TOI Catalog (False Positive/Alarm: FP)
328350926,392.01,TOI,1.0,0.75,TOI Catalog (Candidate: APC)
29960109,393.01,TOI,0.0,0.0,TOI Catalog (False Positive/Alarm: FP)
126737992,4180.01,TOI,1.0,0.75,TOI Catalog (Candidate: APC)
426017070,4181.01,TOI,0.0,0.0,TOI Catalog (False Positive/Alarm: FP)
31637479,4182.01,TOI,1.0,0.75,TOI Catalog (Candidate: PC)
421951960,4183.01,TOI,1.0,0.75,TOI Catalog (Candidate: PC)
394357918,4184.01,TOI,1.0,1.0,TOI Catalog (Confirmed Planet: CP)
152563846,4185.01,TOI,1.0,0.75,TOI Catalog (Candidate: PC)
300579472,4186.01,TOI,1.0,0.75,TOI Catalog (Candidate: PC)
176780257,4187.01,TOI,1.0,0.75,TOI Catalog (Candidate: PC)
424747720,4188.01,TOI,0.0,0.0,TOI Catalog (False Positive/Alarm: FP)
7422496,4189.01,TOI,1.0,0.75,TOI Catalog (Candidate: PC)
279251651,419.01,TOI,0.0,0.0,TOI Catalog (False Positive/Alarm: FP)
65416038,4190.01,TOI,1.0,0.75,TOI Catalog (Candidate: PC)
167905035,4191.01,TOI,1.0,0.75,TOI Catalog (Candidate: PC)
295593712,4418.01,TOI,1.0,0.75,TOI Catalog (Candidate: PC)
295593712,4418.02,TOI,1.0,0.75,TOI Catalog (Candidate: PC)
352229268,4419.01,TOI,1.0,0.75,TOI Catalog (Candidate: PC)
70899085,442.01,TOI,1.0,1.0,TOI Catalog (Confirmed Planet: CP)
117979897,443.01,TOI,1.0,1.0,TOI Catalog (Confirmed Planet: KP)
270355392,4643.01,TOI,1.0,0.75,TOI Catalog (Candidate: PC)
270355392,4643.02,TOI,1.0,0.75,TOI Catalog (Candidate: PC)
270380593,465.01,TOI,1.0,1.0,TOI Catalog (Confirmed Planet: KP)
9858404,394.01,TOI,1.0,0.75,TOI Catalog (Candidate: APC)
38541473,395.01,TOI,1.0,0.75,TOI Catalog (Candidate: APC)
408159788,420.01,TOI,0.0,0.0,TOI Catalog (False Positive/Alarm: FP)
94986319,421.01,TOI,1.0,1.0,TOI Catalog (Confirmed Planet: CP)
94986319,421.02,TOI,1.0,1.0,TOI Catalog (Confirmed Planet: CP)
179034327,444.01,TOI,1.0,1.0,TOI Catalog (Confirmed Planet: CP)
209464063,5678.01,TOI,1.0,1.0,TOI Catalog (Confirmed Planet: CP)
37575651,568.01,TOI,0.0,0.0,TOI Catalog (False Positive/Alarm: FP)
123482865,569.01,TOI,1.0,1.0,TOI Catalog (Confirmed Planet: CP)
19519368,494.01,TOI,1.0,0.75,TOI Catalog (Candidate: PC)
218795833,519.01,TOI,1.0,1.0,TOI Catalog (Confirmed Planet: CP)
148479278,520.01,TOI,1.0,0.75,TOI Catalog (Candidate: PC)
36440357,546.01,TOI,1.0,1.0,TOI Catalog (Confirmed Planet: KP)
416739490,5697.01,TOI,1.0,0.75,TOI Catalog (Candidate: PC)
126733133,570.01,TOI,0.0,0.0,TOI Catalog (False Positive/Alarm: FP)
22529346,495.01,TOI,1.0,1.0,TOI Catalog (Confirmed Planet: KP)
88977253,496.01,TOI,1.0,0.75,TOI Catalog (Candidate: APC)
27649847,521.01,TOI,1.0,1.0,TOI Catalog (Confirmed Planet: CP)
19451711,522.01,TOI,0.0,0.0,TOI Catalog (False Positive/Alarm: FA)
36352297,547.01,TOI,1.0,1.0,TOI Catalog (Confirmed Planet: KP)
42821097,548.01,TOI,1.0,1.0,TOI Catalog (Confirmed Planet: KP)
270468559,571.01,TOI,1.0,1.0,TOI Catalog (Confirmed Planet: KP)
289535142,572.01,TOI,1.0,0.75,TOI Catalog (Candidate: APC)
108645766,497.01,TOI,0.0,0.0,TOI Catalog (False Positive/Alarm: FP)
121338379,498.01,TOI,1.0,0.75,TOI Catalog (Candidate: APC)
93125144,523.01,TOI,0.0,0.0,TOI Catalog (False Positive/Alarm: FA)
468983280,5489.01,TOI,1.0,0.75,TOI Catalog (Candidate: PC)
468983280,5489.02,TOI,1.0,0.75,TOI Catalog (Candidate: PC)
32830028,549.01,TOI,0.0,0.0,TOI Catalog (False Positive/Alarm: FP)
103605399,5729.01,TOI,1.0,0.75,TOI Catalog (Candidate: PC)
296780789,573.01,TOI,1.0,0.75,TOI Catalog (Candidate: APC)
123702439,499.01,TOI,1.0,0.75,TOI Catalog (Candidate: APC)
134200185,500.01,TOI,1.0,1.0,TOI Catalog (Confirmed Planet: CP)
365690646,524.01,TOI,0.0,0.0,TOI Catalog (False Positive/Alarm: FA)
71512186,525.01,TOI,1.0,0.75,TOI Catalog (Candidate: PC)
311183180,550.01,TOI,0.0,0.0,TOI Catalog (False Positive/Alarm: FP)
311183180,550.02,TOI,0.0,0.0,TOI Catalog (False Positive/Alarm: FP)
192826603,551.01,TOI,1.0,1.0,TOI Catalog (Confirmed Planet: KP)
410094645,577.01,TOI,1.0,0.75,TOI Catalog (Candidate: APC)
423275733,578.01,TOI,1.0,1.0,TOI Catalog (Confirmed Planet: KP)
134537478,501.01,TOI,1.0,1.0,TOI Catalog (Confirmed Planet: KP)
200593988,526.01,TOI,0.0,0.0,TOI Catalog (False Positive/Alarm: FP)
148228019,527.01,TOI,1.0,0.75,TOI Catalog (Candidate: APC)
44737596,552.01,TOI,1.0,1.0,TOI Catalog (Confirmed Planet: CP)
277833995,5524.01,TOI,1.0,1.0,TOI Catalog (Confirmed Planet: KP)
345450130,5525.01,TOI,1.0,0.75,TOI Catalog (Candidate: PC)
172193428,502.01,TOI,1.0,0.75,TOI Catalog (Candidate: APC)
186812530,503.01,TOI,1.0,1.0,TOI Catalog (Confirmed Planet: CP)
318180448,5033.01,TOI,1.0,0.75,TOI Catalog (Candidate: PC)
403693875,528.01,TOI,0.0,0.0,TOI Catalog (False Positive/Alarm: FP)
161477033,553.01,TOI,0.0,0.0,TOI Catalog (False Positive/Alarm: FA)
161477033,553.02,TOI,1.0,0.75,TOI Catalog (Candidate: PC)
161477033,553.03,TOI,1.0,0.75,TOI Catalog (Candidate: PC)
244170332,5530.01,TOI,1.0,0.75,TOI Catalog (Candidate: PC)
318836983,5532.01,TOI,1.0,0.75,TOI Catalog (Candidate: PC)
318836983,5532.02,TOI,1.0,0.75,TOI Catalog (Candidate: PC)
157769780,5735.01,TOI,1.0,0.75,TOI Catalog (Candidate: PC)
315002523,574.01,TOI,1.0,1.0,TOI Catalog (Confirmed Planet: KP)
219164808,504.01,TOI,0.0,0.0,TOI Catalog (False Positive/Alarm: FP)
268644785,505.01,TOI,1.0,1.0,TOI Catalog (Confirmed Planet: KP)
438490744,529.01,TOI,0.0,0.0,TOI Catalog (False Positive/Alarm: FP)
387690507,530.01,TOI,1.0,1.0,TOI Catalog (Confirmed Planet: CP)
407966340,554.01,TOI,1.0,1.0,TOI Catalog (Confirmed Planet: CP)
407966340,554.02,TOI,1.0,1.0,TOI Catalog (Confirmed Planet: CP)
170849515,555.01,TOI,1.0,1.0,TOI Catalog (Confirmed Planet: CP)
274138511,506.01,TOI,0.0,0.0,TOI Catalog (False Positive/Alarm: FP)
302895996,531.01,TOI,0.0,0.0,TOI Catalog (False Positive/Alarm: FP)
144700903,532.01,TOI,1.0,1.0,TOI Catalog (Confirmed Planet: CP)
59003115,556.01,TOI,0.0,0.0,TOI Catalog (False Positive/Alarm: FP)
348538431,507.01,TOI,1.0,0.75,TOI Catalog (Candidate: PC)
425206121,508.01,TOI,1.0,1.0,TOI Catalog (Confirmed Planet: KP)
309791156,533.01,TOI,1.0,0.75,TOI Catalog (Candidate: PC)
55488511,557.01,TOI,1.0,0.75,TOI Catalog (Candidate: PC)
386435344,575.01,TOI,0.0,0.0,TOI Catalog (False Positive/Alarm: FP)
408310006,576.01,TOI,1.0,1.0,TOI Catalog (Confirmed Planet: CP)
453211454,509.01,TOI,1.0,1.0,TOI Catalog (Confirmed Planet: CP)
453211454,509.02,TOI,1.0,1.0,TOI Catalog (Confirmed Planet: CP)
281909674,534.01,TOI,1.0,1.0,TOI Catalog (Confirmed Planet: KP)
280210963,535.01,TOI,1.0,1.0,TOI Catalog (Confirmed Planet: KP)
101011575,560.01,TOI,1.0,1.0,TOI Catalog (Confirmed Planet: CP)
393414358,483.01,TOI,1.0,1.0,TOI Catalog (Confirmed Planet: KP)
427348923,484.01,TOI,0.0,0.0,TOI Catalog (False Positive/Alarm: FP)
238086647,510.01,TOI,1.0,0.75,TOI Catalog (Candidate: APC)
366410512,5101.01,TOI,1.0,1.0,TOI Catalog (Confirmed Planet: KP)
440777904,511.01,TOI,1.0,1.0,TOI Catalog (Confirmed Planet: KP)
234825296,536.01,TOI,1.0,1.0,TOI Catalog (Confirmed Planet: KP)
234112540,537.01,TOI,1.0,1.0,TOI Catalog (Confirmed Planet: KP)
101011575,560.02,TOI,1.0,1.0,TOI Catalog (Confirmed Planet: CP)
377064495,561.01,TOI,1.0,1.0,TOI Catalog (Confirmed Planet: CP)
377064495,561.02,TOI,1.0,1.0,TOI Catalog (Confirmed Planet: CP)
377064495,561.03,TOI,1.0,1.0,TOI Catalog (Confirmed Planet: CP)
377064495,561.04,TOI,1.0,1.0,TOI Catalog (Confirmed Planet: CP)
427352241,485.01,TOI,0.0,0.0,TOI Catalog (False Positive/Alarm: FP)
60377863,4851.01,TOI,1.0,0.75,TOI Catalog (Candidate: PC)
260708537,486.01,TOI,1.0,1.0,TOI Catalog (Confirmed Planet: CP)
119292328,512.01,TOI,1.0,1.0,TOI Catalog (Confirmed Planet: CP)
119292328,512.02,TOI,1.0,0.75,TOI Catalog (Candidate: APC)
366568760,5121.01,TOI,1.0,1.0,TOI Catalog (Confirmed Planet: KP)
237751146,538.01,TOI,0.0,0.0,TOI Catalog (False Positive/Alarm: FP)
413248763,562.01,TOI,1.0,1.0,TOI Catalog (Confirmed Planet: CP)
31852980,487.01,TOI,1.0,0.75,TOI Catalog (Candidate: PC)
31852980,487.02,TOI,1.0,0.75,TOI Catalog (Candidate: PC)
452866790,488.01,TOI,1.0,1.0,TOI Catalog (Confirmed Planet: CP)
431999925,513.01,TOI,0.0,0.0,TOI Catalog (False Positive/Alarm: FP)
366576758,514.01,TOI,1.0,1.0,TOI Catalog (Confirmed Planet: KP)
238004786,539.01,TOI,1.0,0.75,TOI Catalog (Candidate: PC)
200322593,540.01,TOI,1.0,1.0,TOI Catalog (Confirmed Planet: CP)
405454160,563.01,TOI,1.0,0.75,TOI Catalog (Candidate: PC)
1003831,564.01,TOI,1.0,1.0,TOI Catalog (Confirmed Planet: CP)
455096220,489.01,TOI,1.0,1.0,TOI Catalog (Confirmed Planet: KP)
366622912,515.01,TOI,1.0,1.0,TOI Catalog (Confirmed Planet: CP)
143271144,541.01,TOI,1.0,0.75,TOI Catalog (Candidate: APC)
1103432,565.01,TOI,1.0,0.75,TOI Catalog (Candidate: APC)
1133072,566.01,TOI,0.0,0.0,TOI Catalog (False Positive/Alarm: FP)
455135327,490.01,TOI,1.0,1.0,TOI Catalog (Confirmed Planet: KP)
468987719,491.01,TOI,1.0,1.0,TOI Catalog (Confirmed Planet: KP)
318937509,516.01,TOI,1.0,0.75,TOI Catalog (Candidate: APC)
308307606,517.01,TOI,0.0,0.0,TOI Catalog (False Positive/Alarm: FP)
110996418,5171.01,TOI,1.0,0.75,TOI Catalog (Candidate: PC)
49771092,542.01,TOI,1.0,0.75,TOI Catalog (Candidate: PC)
53593457,543.01,TOI,0.0,0.0,TOI Catalog (False Positive/Alarm: FP)
13349647,567.01,TOI,1.0,1.0,TOI Catalog (Confirmed Planet: KP)
17746821,492.01,TOI,1.0,1.0,TOI Catalog (Confirmed Planet: KP)
19025965,493.01,TOI,1.0,0.75,TOI Catalog (Candidate: PC)
264979636,518.01,TOI,1.0,0.75,TOI Catalog (Candidate: PC)
50618703,544.01,TOI,1.0,1.0,TOI Catalog (Confirmed Planet: CP)
37168957,545.01,TOI,1.0,1.0,TOI Catalog (Confirmed Planet: KP)
124573851,669.01,TOI,1.0,1.0,TOI Catalog (Confirmed Planet: CP)
149989864,6690.01,TOI,1.0,0.75,TOI Catalog (Candidate: PC)
149989864,6690.02,TOI,1.0,0.75,TOI Catalog (Candidate: PC)
382258844,6691.01,TOI,1.0,0.75,TOI Catalog (Candidate: PC)
341405597,6699.01,TOI,1.0,0.75,TOI Catalog (Candidate: PC)
147660201,670.01,TOI,0.0,0.0,TOI Catalog (False Positive/Alarm: FP)
255560319,6703.01,TOI,1.0,0.75,TOI Catalog (Candidate: PC)
411731278,6706.01,TOI,1.0,0.75,TOI Catalog (Candidate: PC)
296739893,620.01,TOI,1.0,1.0,TOI Catalog (Confirmed Planet: CP)
30828562,621.01,TOI,1.0,0.75,TOI Catalog (Candidate: APC)
238197709,646.01,TOI,0.0,0.0,TOI Catalog (False Positive/Alarm: FP)
269849065,6708.01,TOI,1.0,0.75,TOI Catalog (Candidate: PC)
20375215,6709.01,TOI,1.0,0.75,TOI Catalog (Candidate: PC)
151681127,671.01,TOI,1.0,0.75,TOI Catalog (Candidate: APC)
143842198,6710.01,TOI,1.0,0.75,TOI Catalog (Candidate: PC)
303364023,6711.01,TOI,0.0,0.0,TOI Catalog (False Positive/Alarm: FP)
192943720,6712.01,TOI,1.0,0.75,TOI Catalog (Candidate: PC)
428673146,6713.01,TOI,1.0,0.75,TOI Catalog (Candidate: PC)
261264800,6714.01,TOI,1.0,0.75,TOI Catalog (Candidate: APC)
112115898,6716.01,TOI,1.0,0.75,TOI Catalog (Candidate: PC)
151825527,672.01,TOI,1.0,1.0,TOI Catalog (Confirmed Planet: CP)
83092282,622.01,TOI,1.0,1.0,TOI Catalog (Confirmed Planet: CP)
332657786,6478.01,TOI,1.0,0.75,TOI Catalog (Candidate: PC)
261646133,6724.01,TOI,1.0,0.75,TOI Catalog (Candidate: PC)
150320610,6725.01,TOI,1.0,0.75,TOI Catalog (Candidate: PC)
426032475,6729.01,TOI,1.0,0.75,TOI Catalog (Candidate: PC)
426032475,6729.02,TOI,1.0,0.75,TOI Catalog (Candidate: PC)
151959065,673.01,TOI,0.0,0.0,TOI Catalog (False Positive/Alarm: FP)
101395259,623.01,TOI,0.0,0.0,TOI Catalog (False Positive/Alarm: FP)
349373192,650.01,TOI,0.0,0.0,TOI Catalog (False Positive/Alarm: FP)
158588995,674.01,TOI,1.0,1.0,TOI Catalog (Confirmed Planet: CP)
169226822,675.01,TOI,1.0,1.0,TOI Catalog (Confirmed Planet: KP)
230064711,5991.01,TOI,1.0,0.75,TOI Catalog (Candidate: PC)
22221375,652.01,TOI,1.0,1.0,TOI Catalog (Confirmed Planet: CP)
410450228,681.01,TOI,1.0,0.75,TOI Catalog (Candidate: PC)
429304876,682.01,TOI,1.0,1.0,TOI Catalog (Confirmed Planet: CP)
60984804,6260.01,TOI,1.0,0.75,TOI Catalog (Candidate: PC)
344927749,6265.01,TOI,1.0,0.75,TOI Catalog (Candidate: PC)
344927749,6265.02,TOI,1.0,0.75,TOI Catalog (Candidate: PC)
193023697,6266.01,TOI,1.0,0.75,TOI Catalog (Candidate: PC)
296737508,6267.01,TOI,1.0,0.75,TOI Catalog (Candidate: PC)
54238138,6529.01,TOI,1.0,0.75,TOI Catalog (Candidate: PC)
33153766,653.01,TOI,0.0,0.0,TOI Catalog (False Positive/Alarm: FP)
35009898,654.01,TOI,1.0,1.0,TOI Catalog (Confirmed Planet: CP)
219187649,676.01,TOI,1.0,0.75,TOI Catalog (Candidate: PC)
280206394,677.01,TOI,1.0,1.0,TOI Catalog (Confirmed Planet: CP)
370009806,6282.01,TOI,1.0,0.75,TOI Catalog (Candidate: PC)
286763141,6284.01,TOI,1.0,0.75,TOI Catalog (Candidate: PC)
72504017,6545.01,TOI,1.0,0.75,TOI Catalog (Candidate: PC)
35516889,655.01,TOI,1.0,1.0,TOI Catalog (Confirmed Planet: KP)
166527623,6551.01,TOI,1.0,1.0,TOI Catalog (Confirmed Planet: KP)
308050066,679.01,TOI,0.0,0.0,TOI Catalog (False Positive/Alarm: FP)
335499997,680.01,TOI,1.0,0.75,TOI Catalog (Candidate: APC)
356916207,6044.01,TOI,1.0,0.75,TOI Catalog (Candidate: PC)
36734222,656.01,TOI,1.0,1.0,TOI Catalog (Confirmed Planet: KP)
48103627,657.01,TOI,1.0,1.0,TOI Catalog (Confirmed Planet: CP)
437248515,683.01,TOI,1.0,1.0,TOI Catalog (Confirmed Planet: KP)
349790953,632.01,TOI,0.0,0.0,TOI Catalog (False Positive/Alarm: FP)
48476907,658.01,TOI,0.0,0.0,TOI Catalog (False Positive/Alarm: FP)
48476908,659.01,TOI,1.0,0.75,TOI Catalog (Candidate: PC)
294395926,678.01,TOI,1.0,0.75,TOI Catalog (Candidate: PC)
348755723,633.01,TOI,0.0,0.0,TOI Catalog (False Positive/Alarm: FP)
166145361,6599.01,TOI,1.0,0.75,TOI Catalog (Candidate: PC)
53189332,660.01,TOI,1.0,1.0,TOI Catalog (Confirmed Planet: KP)
344926234,634.01,TOI,0.0,0.0,TOI Catalog (False Positive/Alarm: FA)
286132427,635.01,TOI,0.0,0.0,TOI Catalog (False Positive/Alarm: FA)
53735810,661.01,TOI,1.0,1.0,TOI Catalog (Confirmed Planet: KP)
54085154,662.01,TOI,0.0,0.0,TOI Catalog (False Positive/Alarm: FP)
190990336,585.01,TOI,1.0,0.75,TOI Catalog (Candidate: APC)
157081737,6095.01,TOI,1.0,0.75,TOI Catalog (Candidate: PC)
262781201,6096.01,TOI,0.0,0.0,TOI Catalog (False Positive/Alarm: FP)
146463781,636.01,TOI,0.0,0.0,TOI Catalog (False Positive/Alarm: FP)
133334108,637.01,TOI,1.0,0.75,TOI Catalog (Candidate: PC)
54962195,663.01,TOI,1.0,1.0,TOI Catalog (Confirmed Planet: CP)
54962195,663.02,TOI,1.0,1.0,TOI Catalog (Confirmed Planet: CP)
54962195,663.03,TOI,1.0,1.0,TOI Catalog (Confirmed Planet: CP)
78154865,638.01,TOI,0.0,0.0,TOI Catalog (False Positive/Alarm: FA)
55092869,664.01,TOI,1.0,1.0,TOI Catalog (Confirmed Planet: KP)
73723286,665.01,TOI,0.0,0.0,TOI Catalog (False Positive/Alarm: FP)
82362447,639.01,TOI,0.0,0.0,TOI Catalog (False Positive/Alarm: FP)
304690618,6655.01,TOI,1.0,0.75,TOI Catalog (Candidate: PC)
304690618,6655.02,TOI,1.0,0.75,TOI Catalog (Candidate: PC)
82128636,666.01,TOI,1.0,0.75,TOI Catalog (Candidate: APC)
147561732,6664.01,TOI,1.0,0.75,TOI Catalog (Candidate: PC)
206361691,6668.01,TOI,1.0,0.75,TOI Catalog (Candidate: PC)
101955023,667.01,TOI,1.0,1.0,TOI Catalog (Confirmed Planet: KP)
126797048,6670.01,TOI,1.0,0.75,TOI Catalog (Candidate: PC)
53843023,6671.01,TOI,1.0,0.75,TOI Catalog (Candidate: PC)
423360793,6676.01,TOI,1.0,0.75,TOI Catalog (Candidate: PC)
102195674,668.01,TOI,1.0,0.75,TOI Catalog (Candidate: APC)
432008938,643.01,TOI,0.0,0.0,TOI Catalog (False Positive/Alarm: FP)
181159386,764.01,TOI,1.0,0.75,TOI Catalog (Candidate: APC)
219401954,765.01,TOI,0.0,0.0,TOI Catalog (False Positive/Alarm: FA)
55383975,694.01,TOI,0.0,0.0,TOI Catalog (False Positive/Alarm: FP)
421006834,6940.01,TOI,1.0,0.75,TOI Catalog (Candidate: PC)
55559618,695.01,TOI,1.0,0.75,TOI Catalog (Candidate: PC)
150247134,718.01,TOI,0.0,0.0,TOI Catalog (False Positive/Alarm: FA)
184952758,719.01,TOI,0.0,0.0,TOI Catalog (False Positive/Alarm: FP)
123234747,7192.01,TOI,1.0,0.75,TOI Catalog (Candidate: PC)
444842193,745.01,TOI,1.0,0.75,TOI Catalog (Candidate: APC)
167418903,746.01,TOI,1.0,0.75,TOI Catalog (Candidate: PC)
219698950,766.01,TOI,1.0,1.0,TOI Catalog (Confirmed Planet: KP)
30853990,6957.01,TOI,1.0,0.75,TOI Catalog (Candidate: PC)
77156829,696.01,TOI,1.0,1.0,TOI Catalog (Confirmed Planet: CP)
77156829,696.02,TOI,1.0,1.0,TOI Catalog (Confirmed Planet: CP)
77156829,696.03,TOI,1.0,1.0,TOI Catalog (Confirmed Planet: CP)
131419878,720.01,TOI,0.0,0.0,TOI Catalog (False Positive/Alarm: FP)
38571020,721.01,TOI,1.0,0.75,TOI Catalog (Candidate: PC)
15445551,747.01,TOI,1.0,1.0,TOI Catalog (Confirmed Planet: KP)
182992572,7665.01,TOI,1.0,0.75,TOI Catalog (Candidate: PC)
182992572,7665.02,TOI,1.0,0.75,TOI Catalog (Candidate: PC)
229047362,767.01,TOI,1.0,1.0,TOI Catalog (Confirmed Planet: KP)
77253676,697.01,TOI,1.0,0.75,TOI Catalog (Candidate: APC)
38509907,722.01,TOI,1.0,0.75,TOI Catalog (Candidate: PC)
177077336,723.01,TOI,1.0,0.75,TOI Catalog (Candidate: PC)
104024556,748.01,TOI,1.0,1.0,TOI Catalog (Confirmed Planet: KP)
5868998,749.01,TOI,1.0,0.75,TOI Catalog (Candidate: APC)
229811538,768.01,TOI,1.0,0.75,TOI Catalog (Candidate: APC)
159671133,7682.01,TOI,1.0,0.75,TOI Catalog (Candidate: PC)
248075138,769.01,TOI,1.0,1.0,TOI Catalog (Confirmed Planet: KP)
320847025,6978.01,TOI,1.0,0.75,TOI Catalog (Candidate: PC)
141527579,698.01,TOI,1.0,0.75,TOI Catalog (Candidate: PC)
422912527,6980.01,TOI,1.0,0.75,TOI Catalog (Candidate: PC)
443823169,6981.01,TOI,1.0,0.75,TOI Catalog (Candidate: PC)
149302744,699.01,TOI,1.0,0.75,TOI Catalog (Candidate: PC)
149302744,699.02,TOI,1.0,0.75,TOI Catalog (Candidate: PC)
149302744,699.03,TOI,1.0,0.75,TOI Catalog (Candidate: PC)
339961200,724.01,TOI,1.0,0.75,TOI Catalog (Candidate: PC)
14614418,750.01,TOI,1.0,1.0,TOI Catalog (Confirmed Planet: KP)
248111245,770.01,TOI,1.0,1.0,TOI Catalog (Confirmed Planet: KP)
150428135,700.01,TOI,1.0,1.0,TOI Catalog (Confirmed Planet: CP)
150428135,700.02,TOI,1.0,1.0,TOI Catalog (Confirmed Planet: CP)
150428135,700.03,TOI,1.0,1.0,TOI Catalog (Confirmed Planet: CP)
150428135,700.04,TOI,1.0,1.0,TOI Catalog (Confirmed Planet: CP)
410245915,725.01,TOI,0.0,0.0,TOI Catalog (False Positive/Alarm: FP)
174143743,726.01,TOI,0.0,0.0,TOI Catalog (False Positive/Alarm: FP)
14661418,751.01,TOI,1.0,1.0,TOI Catalog (Confirmed Planet: KP)
308994098,790.02,TOI,1.0,0.75,TOI Catalog (Candidate: PC)
308994098,790.03,TOI,1.0,0.75,TOI Catalog (Candidate: PC)
306472057,791.01,TOI,1.0,0.75,TOI Catalog (Candidate: PC)
306472057,791.02,TOI,1.0,0.75,TOI Catalog (Candidate: PC)
294780517,792.01,TOI,0.0,0.0,TOI Catalog (False Positive/Alarm: FP)
300013921,793.01,TOI,0.0,0.0,TOI Catalog (False Positive/Alarm: FP)
299945285,794.01,TOI,1.0,0.75,TOI Catalog (Candidate: PC)
278895705,795.01,TOI,1.0,0.75,TOI Catalog (Candidate: PC)
277099925,796.01,TOI,0.0,0.0,TOI Catalog (False Positive/Alarm: FA)
271596225,797.01,TOI,1.0,0.75,TOI Catalog (Candidate: PC)
271596225,797.02,TOI,1.0,0.75,TOI Catalog (Candidate: PC)
271596225,797.03,TOI,1.0,0.75,TOI Catalog (Candidate: PC)
260640693,798.01,TOI,1.0,0.75,TOI Catalog (Candidate: APC)
255685030,799.01,TOI,1.0,0.75,TOI Catalog (Candidate: PC)
179308757,800.01,TOI,1.0,0.75,TOI Catalog (Candidate: APC)
177258735,801.01,TOI,1.0,0.75,TOI Catalog (Candidate: PC)
219239945,701.01,TOI,0.0,0.0,TOI Catalog (False Positive/Alarm: FP)
237914496,702.01,TOI,1.0,0.75,TOI Catalog (Candidate: PC)
149788158,727.01,TOI,1.0,0.75,TOI Catalog (Candidate: PC)
149788158,727.02,TOI,1.0,0.75,TOI Catalog (Candidate: PC)
96097215,728.01,TOI,0.0,0.0,TOI Catalog (False Positive/Alarm: FA)
61538902,752.01,TOI,1.0,1.0,TOI Catalog (Confirmed Planet: KP)
277634430,771.01,TOI,1.0,1.0,TOI Catalog (Confirmed Planet: CP)
261746870,7710.01,TOI,1.0,0.75,TOI Catalog (Candidate: PC)
237928815,703.01,TOI,1.0,0.75,TOI Catalog (Candidate: PC)
237928815,703.02,TOI,1.0,0.75,TOI Catalog (Candidate: PC)
29953537,7033.01,TOI,1.0,0.75,TOI Catalog (Candidate: PC)
144138509,729.01,TOI,0.0,0.0,TOI Catalog (False Positive/Alarm: FA)
61988212,753.01,TOI,1.0,0.75,TOI Catalog (Candidate: APC)
37075377,7538.01,TOI,1.0,0.75,TOI Catalog (Candidate: PC)
335630746,778.01,TOI,1.0,1.0,TOI Catalog (Confirmed Planet: CP)
374095457,779.01,TOI,1.0,0.75,TOI Catalog (Candidate: PC)
398943781,780.01,TOI,1.0,1.0,TOI Catalog (Confirmed Planet: KP)
413376180,781.01,TOI,1.0,1.0,TOI Catalog (Confirmed Planet: KP)
429358906,782.01,TOI,1.0,1.0,TOI Catalog (Confirmed Planet: CP)
451645081,783.01,TOI,1.0,0.75,TOI Catalog (Candidate: PC)
460984940,784.01,TOI,1.0,1.0,TOI Catalog (Confirmed Planet: CP)
374829238,785.01,TOI,1.0,0.75,TOI Catalog (Candidate: PC)
375059587,786.01,TOI,1.0,0.75,TOI Catalog (Candidate: PC)
375059587,786.02,TOI,1.0,0.75,TOI Catalog (Candidate: PC)
350584963,787.01,TOI,1.0,0.75,TOI Catalog (Candidate: PC)
349829627,788.01,TOI,1.0,0.75,TOI Catalog (Candidate: PC)
300710077,789.01,TOI,1.0,0.75,TOI Catalog (Candidate: PC)
300710077,789.02,TOI,1.0,0.75,TOI Catalog (Candidate: PC)
300710077,789.03,TOI,1.0,0.75,TOI Catalog (Candidate: PC)
308994098,790.01,TOI,1.0,0.75,TOI Catalog (Candidate: PC)
210904767,7038.01,TOI,1.0,0.75,TOI Catalog (Candidate: PC)
260004324,704.01,TOI,1.0,1.0,TOI Catalog (Confirmed Planet: CP)
337217173,7049.01,TOI,1.0,0.75,TOI Catalog (Candidate: PC)
391904697,705.01,TOI,1.0,0.75,TOI Catalog (Candidate: PC)
11561667,730.01,TOI,1.0,1.0,TOI Catalog (Confirmed Planet: CP)
34068865,731.01,TOI,1.0,1.0,TOI Catalog (Confirmed Planet: CP)
72985822,754.01,TOI,1.0,0.75,TOI Catalog (Candidate: PC)
73228647,755.01,TOI,1.0,1.0,TOI Catalog (Confirmed Planet: CP)
73228647,755.02,TOI,1.0,1.0,TOI Catalog (Confirmed Planet: KP)
167303382,802.01,TOI,1.0,0.75,TOI Catalog (Candidate: PC)
143526444,803.01,TOI,0.0,0.0,TOI Catalog (False Positive/Alarm: FP)
41227743,804.01,TOI,0.0,0.0,TOI Catalog (False Positive/Alarm: FP)
38460940,805.01,TOI,1.0,0.75,TOI Catalog (Candidate: PC)
33831980,806.01,TOI,1.0,0.75,TOI Catalog (Candidate: PC)
30853470,807.01,TOI,1.0,0.75,TOI Catalog (Candidate: PC)
30122649,808.01,TOI,1.0,0.75,TOI Catalog (Candidate: PC)
149301575,809.01,TOI,1.0,0.75,TOI Catalog (Candidate: APC)
388106759,810.01,TOI,1.0,0.75,TOI Catalog (Candidate: PC)
388106759,810.02,TOI,1.0,0.75,TOI Catalog (Candidate: PC)
55525572,813.01,TOI,1.0,1.0,TOI Catalog (Confirmed Planet: CP)
255760319,814.01,TOI,0.0,0.0,TOI Catalog (False Positive/Alarm: FP)
175180796,816.01,TOI,0.0,0.0,TOI Catalog (False Positive/Alarm: FP)
219345200,706.01,TOI,1.0,0.75,TOI Catalog (Candidate: PC)
469810663,7060.01,TOI,1.0,0.75,TOI Catalog (Candidate: PC)
469810663,7060.02,TOI,1.0,0.75,TOI Catalog (Candidate: PC)
36724087,732.01,TOI,1.0,1.0,TOI Catalog (Confirmed Planet: CP)
36724087,732.02,TOI,1.0,1.0,TOI Catalog (Confirmed Planet: CP)
210337597,7324.01,TOI,0.0,0.0,TOI Catalog (False Positive/Alarm: FP)
106402532,733.01,TOI,1.0,1.0,TOI Catalog (Confirmed Planet: CP)
73649615,756.01,TOI,1.0,1.0,TOI Catalog (Confirmed Planet: CP)
286864983,772.01,TOI,1.0,0.75,TOI Catalog (Candidate: PC)
286864983,772.02,TOI,1.0,0.75,TOI Catalog (Candidate: PC)
286864983,772.03,TOI,1.0,0.75,TOI Catalog (Candidate: PC)
286865921,773.01,TOI,1.0,1.0,TOI Catalog (Confirmed Planet: KP)
294301883,774.01,TOI,1.0,1.0,TOI Catalog (Confirmed Planet: KP)
304042899,775.01,TOI,0.0,0.0,TOI Catalog (False Positive/Alarm: FP)
306996324,776.01,TOI,1.0,1.0,TOI Catalog (Confirmed Planet: CP)
306996324,776.02,TOI,1.0,1.0,TOI Catalog (Confirmed Planet: CP)
334305570,777.01,TOI,1.0,0.75,TOI Catalog (Candidate: PC)
167342439,707.01,TOI,1.0,0.75,TOI Catalog (Candidate: PC)
167342439,707.02,TOI,1.0,0.75,TOI Catalog (Candidate: PC)
391821647,708.01,TOI,0.0,0.0,TOI Catalog (False Positive/Alarm: FP)
146846569,734.01,TOI,0.0,0.0,TOI Catalog (False Positive/Alarm: FP)
130924120,757.01,TOI,1.0,1.0,TOI Catalog (Confirmed Planet: CP)
462162948,684.01,TOI,1.0,0.75,TOI Catalog (Candidate: PC)
281731203,685.01,TOI,1.0,1.0,TOI Catalog (Confirmed Planet: KP)
396720998,709.01,TOI,1.0,0.75,TOI Catalog (Candidate: APC)
396720998,709.02,TOI,1.0,0.75,TOI Catalog (Candidate: PC)
150271680,735.01,TOI,0.0,0.0,TOI Catalog (False Positive/Alarm: FP)
181804752,736.01,TOI,1.0,1.0,TOI Catalog (Confirmed Planet: CP)
181804752,736.02,TOI,1.0,1.0,TOI Catalog (Confirmed Planet: CP)
131081852,758.01,TOI,0.0,0.0,TOI Catalog (False Positive/Alarm: FP)
350934357,7581.01,TOI,1.0,0.75,TOI Catalog (Candidate: PC)
339857675,686.01,TOI,1.0,0.75,TOI Catalog (Candidate: PC)
74534430,687.01,TOI,1.0,0.75,TOI Catalog (Candidate: PC)
309402106,710.01,TOI,0.0,0.0,TOI Catalog (False Positive/Alarm: FP)
38510224,711.01,TOI,1.0,0.75,TOI Catalog (Candidate: PC)
38510224,711.02,TOI,1.0,0.75,TOI Catalog (Candidate: PC)
219189765,737.01,TOI,1.0,1.0,TOI Catalog (Confirmed Planet: CP)
260304800,738.01,TOI,1.0,0.75,TOI Catalog (Candidate: PC)
152147232,759.01,TOI,1.0,0.75,TOI Catalog (Candidate: APC)
162362398,760.01,TOI,1.0,0.75,TOI Catalog (Candidate: APC)
339636032,688.01,TOI,0.0,0.0,TOI Catalog (False Positive/Alarm: FP)
150151262,712.01,TOI,1.0,1.0,TOI Catalog (Confirmed Planet: CP)
150151262,712.02,TOI,1.0,1.0,TOI Catalog (Confirmed Planet: CP)
150151262,712.03,TOI,0.0,0.0,TOI Catalog (False Positive/Alarm: FA)
150151262,712.04,TOI,1.0,1.0,TOI Catalog (Confirmed Planet: CP)
167600516,713.01,TOI,1.0,0.75,TOI Catalog (Candidate: PC)
279425357,739.01,TOI,1.0,0.75,TOI Catalog (Candidate: PC)
165317334,761.01,TOI,1.0,0.75,TOI Catalog (Candidate: PC)
165317334,761.02,TOI,1.0,0.75,TOI Catalog (Candidate: PC)
445822015,689.01,TOI,0.0,0.0,TOI Catalog (False Positive/Alarm: FP)
139879080,6899.01,TOI,1.0,0.75,TOI Catalog (Candidate: PC)
101497191,690.01,TOI,0.0,0.0,TOI Catalog (False Positive/Alarm: FP)
140893722,6900.01,TOI,1.0,0.75,TOI Catalog (Candidate: PC)
167600516,713.02,TOI,1.0,0.75,TOI Catalog (Candidate: PC)
219195044,714.01,TOI,1.0,0.75,TOI Catalog (Candidate: PC)
219195044,714.02,TOI,1.0,0.75,TOI Catalog (Candidate: PC)
259238498,7397.01,TOI,1.0,0.75,TOI Catalog (Candidate: PC)
310009611,740.01,TOI,1.0,0.75,TOI Catalog (Candidate: PC)
359271092,741.01,TOI,1.0,1.0,TOI Catalog (Confirmed Planet: CP)
178709444,762.01,TOI,1.0,1.0,TOI Catalog (Confirmed Planet: CP)
167656187,6902.01,TOI,1.0,0.75,TOI Catalog (Candidate: PC)
9216075,6903.01,TOI,1.0,0.75,TOI Catalog (Candidate: APC)
156991337,691.01,TOI,0.0,0.0,TOI Catalog (False Positive/Alarm: FP)
271971130,715.01,TOI,1.0,1.0,TOI Catalog (Confirmed Planet: CP)
119081096,716.01,TOI,0.0,0.0,TOI Catalog (False Positive/Alarm: FP)
373424049,742.01,TOI,0.0,0.0,TOI Catalog (False Positive/Alarm: FP)
178819686,763.01,TOI,1.0,1.0,TOI Catalog (Confirmed Planet: CP)
178819686,763.02,TOI,1.0,1.0,TOI Catalog (Confirmed Planet: CP)
320417762,692.01,TOI,0.0,0.0,TOI Catalog (False Positive/Alarm: FA)
458589703,693.01,TOI,0.0,0.0,TOI Catalog (False Positive/Alarm: FA)
326470400,7164.01,TOI,0.0,0.0,TOI Catalog (False Positive/Alarm: FP)
275248683,717.01,TOI,0.0,0.0,TOI Catalog (False Positive/Alarm: FP)
434486077,743.01,TOI,1.0,0.75,TOI Catalog (Candidate: PC)
437242640,744.01,TOI,1.0,1.0,TOI Catalog (Confirmed Planet: KP)
407126408,913.01,TOI,1.0,1.0,TOI Catalog (Confirmed Planet: CP)
407126408,913.02,TOI,1.0,0.75,TOI Catalog (Candidate: PC)
348844154,916.01,TOI,0.0,0.0,TOI Catalog (False Positive/Alarm: FP)
260130483,933.01,TOI,1.0,0.75,TOI Catalog (Candidate: PC)
220475245,934.01,TOI,1.0,0.75,TOI Catalog (Candidate: PC)
260476837,935.01,TOI,0.0,0.0,TOI Catalog (False Positive/Alarm: FP)
278198753,936.01,TOI,1.0,0.75,TOI Catalog (Candidate: PC)
30312676,817.01,TOI,0.0,0.0,TOI Catalog (False Positive/Alarm: FP)
46096489,818.01,TOI,1.0,1.0,TOI Catalog (Confirmed Planet: KP)
73717937,819.01,TOI,1.0,1.0,TOI Catalog (Confirmed Planet: KP)
111991770,820.01,TOI,1.0,1.0,TOI Catalog (Confirmed Planet: KP)
125405602,821.01,TOI,0.0,0.0,TOI Catalog (False Positive/Alarm: FA)
127530399,822.01,TOI,1.0,1.0,TOI Catalog (Confirmed Planet: KP)
127530399,822.02,TOI,1.0,1.0,TOI Catalog (Confirmed Planet: CP)
158978373,823.01,TOI,1.0,0.75,TOI Catalog (Candidate: APC)
193641523,824.01,TOI,1.0,1.0,TOI Catalog (Confirmed Planet: CP)
220029715,825.01,TOI,1.0,1.0,TOI Catalog (Confirmed Planet: KP)
243200602,826.01,TOI,1.0,1.0,TOI Catalog (Confirmed Planet: KP)
270507305,827.01,TOI,1.0,0.75,TOI Catalog (Candidate: APC)
271168962,828.01,TOI,1.0,1.0,TOI Catalog (Confirmed Planet: KP)
276128561,829.01,TOI,1.0,0.75,TOI Catalog (Candidate: PC)
281924357,830.01,TOI,1.0,0.75,TOI Catalog (Candidate: PC)
307610438,831.01,TOI,1.0,0.75,TOI Catalog (Candidate: APC)
350332997,832.01,TOI,0.0,0.0,TOI Catalog (False Positive/Alarm: FP)
362249359,833.01,TOI,1.0,1.0,TOI Catalog (Confirmed Planet: CP)
404340025,834.01,TOI,1.0,1.0,TOI Catalog (Confirmed Planet: KP)
405700729,835.01,TOI,1.0,0.75,TOI Catalog (Candidate: PC)
440887364,836.01,TOI,1.0,1.0,TOI Catalog (Confirmed Planet: CP)
440887364,836.02,TOI,1.0,1.0,TOI Catalog (Confirmed Planet: CP)
460205581,837.01,TOI,1.0,1.0,TOI Catalog (Confirmed Planet: CP)
461271719,838.01,TOI,0.0,0.0,TOI Catalog (False Positive/Alarm: FP)
466840711,839.01,TOI,1.0,1.0,TOI Catalog (Confirmed Planet: KP)
287563610,840.01,TOI,1.0,1.0,TOI Catalog (Confirmed Planet: KP)
238932509,841.01,TOI,1.0,0.75,TOI Catalog (Candidate: PC)
141768070,842.01,TOI,1.0,0.75,TOI Catalog (Candidate: PC)
437333618,843.01,TOI,1.0,1.0,TOI Catalog (Confirmed Planet: KP)
238898571,863.01,TOI,1.0,0.75,TOI Catalog (Candidate: PC)
231728511,864.01,TOI,1.0,0.75,TOI Catalog (Candidate: PC)
44797824,865.01,TOI,1.0,0.75,TOI Catalog (Candidate: APC)
381976956,866.01,TOI,0.0,0.0,TOI Catalog (False Positive/Alarm: FA)
358460246,867.01,TOI,1.0,0.75,TOI Catalog (Candidate: PC)
271596418,868.01,TOI,0.0,0.0,TOI Catalog (False Positive/Alarm: FP)
200807066,869.01,TOI,0.0,0.0,TOI Catalog (False Positive/Alarm: FA)
219229644,870.01,TOI,1.0,0.75,TOI Catalog (Candidate: PC)
219344917,871.01,TOI,1.0,1.0,TOI Catalog (Confirmed Planet: CP)
220459826,872.01,TOI,1.0,0.75,TOI Catalog (Candidate: PC)
220459826,872.02,TOI,1.0,0.75,TOI Catalog (Candidate: PC)
237920046,873.01,TOI,1.0,0.75,TOI Catalog (Candidate: PC)
232025086,874.01,TOI,1.0,0.75,TOI Catalog (Candidate: PC)
14165625,875.01,TOI,1.0,0.75,TOI Catalog (Candidate: PC)
32497972,876.01,TOI,1.0,0.75,TOI Catalog (Candidate: PC)
177162886,899.01,TOI,1.0,0.75,TOI Catalog (Candidate: PC)
210873792,900.01,TOI,1.0,0.75,TOI Catalog (Candidate: PC)
214361331,901.01,TOI,1.0,0.75,TOI Catalog (Candidate: PC)
216935214,902.01,TOI,1.0,0.75,TOI Catalog (Candidate: APC)
238197638,903.01,TOI,1.0,0.75,TOI Catalog (Candidate: PC)
261257684,904.01,TOI,1.0,1.0,TOI Catalog (Confirmed Planet: CP)
261257684,904.02,TOI,1.0,1.0,TOI Catalog (Confirmed Planet: CP)
261867566,905.01,TOI,1.0,1.0,TOI Catalog (Confirmed Planet: CP)
298372701,906.01,TOI,1.0,0.75,TOI Catalog (Candidate: PC)
305424003,907.01,TOI,1.0,1.0,TOI Catalog (Confirmed Planet: CP)
350153977,908.01,TOI,1.0,1.0,TOI Catalog (Confirmed Planet: CP)
364107753,909.01,TOI,0.0,0.0,TOI Catalog (False Positive/Alarm: FP)
369327947,910.01,TOI,1.0,1.0,TOI Catalog (Confirmed Planet: CP)
389070884,911.01,TOI,1.0,0.75,TOI Catalog (Candidate: APC)
406941612,912.01,TOI,1.0,1.0,TOI Catalog (Confirmed Planet: CP)
160363,160363.01,CTOI,1.0,0.5,ExoFOP CTOI Catalog (Candidate)
800254,800254.01,CTOI,1.0,0.5,ExoFOP CTOI Catalog (Candidate)
8051892,8051892.01,CTOI,1.0,0.5,ExoFOP CTOI Catalog (Candidate)
8963901,8963901.01,CTOI,1.0,0.5,ExoFOP CTOI Catalog (Candidate)
9099764,9099764.01,CTOI,1.0,0.5,ExoFOP CTOI Catalog (Candidate)
9176290,9176290.01,CTOI,1.0,0.5,ExoFOP CTOI Catalog (Candidate)
10934226,10934226.01,CTOI,1.0,0.5,ExoFOP CTOI Catalog (Candidate)
11356662,11356662.01,CTOI,1.0,0.5,ExoFOP CTOI Catalog (Candidate)
13073396,13073396.01,CTOI,1.0,0.5,ExoFOP CTOI Catalog (Candidate)
16326602,16326602.01,CTOI,1.0,0.5,ExoFOP CTOI Catalog (Candidate)
16488877,16488877.01,CTOI,1.0,0.5,ExoFOP CTOI Catalog (Candidate)
19026420,19026420.01,CTOI,1.0,0.5,ExoFOP CTOI Catalog (Candidate)
20320305,20320305.01,CTOI,1.0,0.5,ExoFOP CTOI Catalog (Candidate)
20904104,20904104.01,CTOI,1.0,0.5,ExoFOP CTOI Catalog (Candidate)
21618877,21618877.01,CTOI,1.0,0.5,ExoFOP CTOI Catalog (Candidate)
21639186,21639186.01,CTOI,1.0,0.5,ExoFOP CTOI Catalog (Candidate)
21725734,21725734.01,CTOI,1.0,0.5,ExoFOP CTOI Catalog (Candidate)
21818238,21818238.01,CTOI,1.0,0.5,ExoFOP CTOI Catalog (Candidate)
22391604,22391604.01,CTOI,1.0,0.5,ExoFOP CTOI Catalog (Candidate)
22760643,22760643.01,CTOI,1.0,0.5,ExoFOP CTOI Catalog (Candidate)
25078924,25078924.01,CTOI,1.0,0.5,ExoFOP CTOI Catalog (Candidate)
25078924,25078924.02,CTOI,1.0,0.5,ExoFOP CTOI Catalog (Candidate)
27986571,27986571.01,CTOI,1.0,0.5,ExoFOP CTOI Catalog (Candidate)
29986808,29986808.01,CTOI,1.0,0.5,ExoFOP CTOI Catalog (Candidate)
29986808,29986808.02,CTOI,1.0,0.5,ExoFOP CTOI Catalog (Candidate)
29989691,29989691.01,CTOI,1.0,0.5,ExoFOP CTOI Catalog (Candidate)
30275861,30275861.01,CTOI,1.0,0.5,ExoFOP CTOI Catalog (Candidate)
30836645,30836645.01,CTOI,1.0,0.5,ExoFOP CTOI Catalog (Candidate)
31054255,31054255.01,CTOI,1.0,0.5,ExoFOP CTOI Catalog (Candidate)
31273263,31273263.01,CTOI,1.0,0.5,ExoFOP CTOI Catalog (Candidate)
32150630,32150630.01,CTOI,1.0,0.5,ExoFOP CTOI Catalog (Candidate)
32150630,32150630.02,CTOI,1.0,0.5,ExoFOP CTOI Catalog (Candidate)
32451836,32451836.01,CTOI,1.0,0.5,ExoFOP CTOI Catalog (Candidate)
33743172,33743172.01,CTOI,1.0,0.5,ExoFOP CTOI Catalog (Candidate)
33942031,33942031.01,CTOI,1.0,0.5,ExoFOP CTOI Catalog (Candidate)
34040424,34040424.01,CTOI,1.0,0.5,ExoFOP CTOI Catalog (Candidate)
35655828,35655828.01,CTOI,1.0,0.5,ExoFOP CTOI Catalog (Candidate)
35655828,35655828.02,CTOI,1.0,0.5,ExoFOP CTOI Catalog (Candidate)
37497171,37497171.01,CTOI,1.0,0.5,ExoFOP CTOI Catalog (Candidate)
38811794,38811794.01,CTOI,1.0,0.5,ExoFOP CTOI Catalog (Candidate)
39018208,39018208.01,CTOI,1.0,0.5,ExoFOP CTOI Catalog (Candidate)
39018208,39018208.02,CTOI,1.0,0.5,ExoFOP CTOI Catalog (Candidate)
41896812,41896812.01,CTOI,1.0,0.5,ExoFOP CTOI Catalog (Candidate)
41896812,41896812.02,CTOI,1.0,0.5,ExoFOP CTOI Catalog (Candidate)
46627823,46627823.01,CTOI,1.0,0.5,ExoFOP CTOI Catalog (Candidate)
47142025,47142025.01,CTOI,1.0,0.5,ExoFOP CTOI Catalog (Candidate)
49678165,49678165.01,CTOI,1.0,0.5,ExoFOP CTOI Catalog (Candidate)
50380257,50380257.01,CTOI,1.0,0.5,ExoFOP CTOI Catalog (Candidate)
51079186,51079186.01,CTOI,1.0,0.5,ExoFOP CTOI Catalog (Candidate)
51325134,51325134.01,CTOI,1.0,0.5,ExoFOP CTOI Catalog (Candidate)
51947865,51947865.01,CTOI,1.0,0.5,ExoFOP CTOI Catalog (Candidate)
52079677,52079677.01,CTOI,1.0,0.5,ExoFOP CTOI Catalog (Candidate)
52079677,52079677.02,CTOI,1.0,0.5,ExoFOP CTOI Catalog (Candidate)
52449797,52449797.01,CTOI,1.0,0.5,ExoFOP CTOI Catalog (Candidate)
53952541,53952541.01,CTOI,1.0,0.5,ExoFOP CTOI Catalog (Candidate)
55369125,55369125.01,CTOI,1.0,0.5,ExoFOP CTOI Catalog (Candidate)
55404385,55404385.01,CTOI,1.0,0.5,ExoFOP CTOI Catalog (Candidate)
55404385,55404385.02,CTOI,1.0,0.5,ExoFOP CTOI Catalog (Candidate)
55454149,55454149.01,CTOI,1.0,0.5,ExoFOP CTOI Catalog (Candidate)
55497281,55497281.01,CTOI,1.0,0.5,ExoFOP CTOI Catalog (Candidate)
55524055,55524055.01,CTOI,1.0,0.5,ExoFOP CTOI Catalog (Candidate)
55524055,55524055.02,CTOI,1.0,0.5,ExoFOP CTOI Catalog (Candidate)
55659311,55659311.01,CTOI,1.0,0.5,ExoFOP CTOI Catalog (Candidate)
55659311,55659311.02,CTOI,1.0,0.5,ExoFOP CTOI Catalog (Candidate)
55727842,55727842.01,CTOI,1.0,0.5,ExoFOP CTOI Catalog (Candidate)
55999432,55999432.01,CTOI,1.0,0.5,ExoFOP CTOI Catalog (Candidate)
56099207,56099207.01,CTOI,1.0,0.5,ExoFOP CTOI Catalog (Candidate)
59465088,59465088.01,CTOI,1.0,0.5,ExoFOP CTOI Catalog (Candidate)
60369879,60369879.01,CTOI,1.0,0.5,ExoFOP CTOI Catalog (Candidate)
60419777,60419777.01,CTOI,1.0,0.5,ExoFOP CTOI Catalog (Candidate)
60479865,60479865.01,CTOI,1.0,0.5,ExoFOP CTOI Catalog (Candidate)
61993707,61993707.01,CTOI,1.0,0.5,ExoFOP CTOI Catalog (Candidate)
62573638,62573638.01,CTOI,1.0,0.5,ExoFOP CTOI Catalog (Candidate)
64108432,64108432.01,CTOI,1.0,0.5,ExoFOP CTOI Catalog (Candidate)
64254425,64254425.01,CTOI,1.0,0.5,ExoFOP CTOI Catalog (Candidate)
65290698,65290698.01,CTOI,1.0,0.5,ExoFOP CTOI Catalog (Candidate)
66101137,66101137.01,CTOI,1.0,0.5,ExoFOP CTOI Catalog (Candidate)
66102144,66102144.01,CTOI,1.0,0.5,ExoFOP CTOI Catalog (Candidate)
68326706,68326706.01,CTOI,1.0,0.5,ExoFOP CTOI Catalog (Candidate)
70442570,70442570.01,CTOI,1.0,0.5,ExoFOP CTOI Catalog (Candidate)
70442570,70442570.02,CTOI,1.0,0.5,ExoFOP CTOI Catalog (Candidate)
72669209,72669209.01,CTOI,1.0,0.5,ExoFOP CTOI Catalog (Candidate)
73232401,73232401.01,CTOI,1.0,0.5,ExoFOP CTOI Catalog (Candidate)
77560191,77560191.01,CTOI,1.0,0.5,ExoFOP CTOI Catalog (Candidate)
78740218,78740218.01,CTOI,1.0,0.5,ExoFOP CTOI Catalog (Candidate)
79172641,79172641.01,CTOI,1.0,0.5,ExoFOP CTOI Catalog (Candidate)
80019290,80019290.01,CTOI,1.0,0.5,ExoFOP CTOI Catalog (Candidate)
80384789,80384789.01,CTOI,1.0,0.5,ExoFOP CTOI Catalog (Candidate)
83391903,83391903.01,CTOI,1.0,0.5,ExoFOP CTOI Catalog (Candidate)
88571421,88571421.01,CTOI,1.0,0.5,ExoFOP CTOI Catalog (Candidate)
89258104,89258104.01,CTOI,1.0,0.5,ExoFOP CTOI Catalog (Candidate)
91369561,91369561.01,CTOI,1.0,0.5,ExoFOP CTOI Catalog (Candidate)
91369561,91369561.02,CTOI,1.0,0.5,ExoFOP CTOI Catalog (Candidate)
91369561,91369561.03,CTOI,1.0,0.5,ExoFOP CTOI Catalog (Candidate)
92304420,92304420.01,CTOI,1.0,0.5,ExoFOP CTOI Catalog (Candidate)
92349924,92349924.01,CTOI,1.0,0.5,ExoFOP CTOI Catalog (Candidate)
92349924,92349924.02,CTOI,1.0,0.5,ExoFOP CTOI Catalog (Candidate)
92349924,92349924.03,CTOI,1.0,0.5,ExoFOP CTOI Catalog (Candidate)
92352621,92352621.01,CTOI,1.0,0.5,ExoFOP CTOI Catalog (Candidate)
92444219,92444219.01,CTOI,1.0,0.5,ExoFOP CTOI Catalog (Candidate)
92594505,92594505.01,CTOI,1.0,0.5,ExoFOP CTOI Catalog (Candidate)
92709947,92709947.01,CTOI,1.0,0.5,ExoFOP CTOI Catalog (Candidate)
94255849,94255849.01,CTOI,1.0,0.5,ExoFOP CTOI Catalog (Candidate)
98794593,98794593.01,CTOI,1.0,0.5,ExoFOP CTOI Catalog (Candidate)
99086567,99086567.01,CTOI,1.0,0.5,ExoFOP CTOI Catalog (Candidate)
99673151,99673151.01,CTOI,1.0,0.5,ExoFOP CTOI Catalog (Candidate)
100029948,100029948.01,CTOI,1.0,0.5,ExoFOP CTOI Catalog (Candidate)
100029948,100029948.02,CTOI,1.0,0.5,ExoFOP CTOI Catalog (Candidate)
100029948,100029948.03,CTOI,1.0,0.5,ExoFOP CTOI Catalog (Candidate)
100103200,100103200.01,CTOI,1.0,0.5,ExoFOP CTOI Catalog (Candidate)
100103201,100103201.01,CTOI,1.0,0.5,ExoFOP CTOI Catalog (Candidate)
100103201,100103201.02,CTOI,1.0,0.5,ExoFOP CTOI Catalog (Candidate)
100918213,100918213.01,CTOI,1.0,0.5,ExoFOP CTOI Catalog (Candidate)
102169275,102169275.01,CTOI,1.0,0.5,ExoFOP CTOI Catalog (Candidate)
115115136,115115136.01,CTOI,1.0,0.5,ExoFOP CTOI Catalog (Candidate)
115115136,115115136.02,CTOI,1.0,0.5,ExoFOP CTOI Catalog (Candidate)
115693377,115693377.01,CTOI,1.0,0.5,ExoFOP CTOI Catalog (Candidate)
121636363,121636363.01,CTOI,1.0,0.5,ExoFOP CTOI Catalog (Candidate)
121724183,121724183.01,CTOI,1.0,0.5,ExoFOP CTOI Catalog (Candidate)
126945917,126945917.01,CTOI,1.0,0.5,ExoFOP CTOI Catalog (Candidate)
126945917,126945917.02,CTOI,1.0,0.5,ExoFOP CTOI Catalog (Candidate)
128703021,128703021.01,CTOI,1.0,0.5,ExoFOP CTOI Catalog (Candidate)
129268651,129268651.01,CTOI,1.0,0.5,ExoFOP CTOI Catalog (Candidate)
130370378,130370378.01,CTOI,1.0,0.5,ExoFOP CTOI Catalog (Candidate)
130942594,130942594.01,CTOI,1.0,0.5,ExoFOP CTOI Catalog (Candidate)
135050395,135050395.01,CTOI,1.0,0.5,ExoFOP CTOI Catalog (Candidate)
135163289,135163289.01,CTOI,1.0,0.5,ExoFOP CTOI Catalog (Candidate)
138707225,138707225.01,CTOI,1.0,0.5,ExoFOP CTOI Catalog (Candidate)
139468902,139468902.01,CTOI,1.0,0.5,ExoFOP CTOI Catalog (Candidate)
139468902,139468902.02,CTOI,1.0,0.5,ExoFOP CTOI Catalog (Candidate)
139470998,139470998.01,CTOI,1.0,0.5,ExoFOP CTOI Catalog (Candidate)
139825840,139825840.01,CTOI,1.0,0.5,ExoFOP CTOI Catalog (Candidate)
139825840,139825840.02,CTOI,1.0,0.5,ExoFOP CTOI Catalog (Candidate)
140067408,140067408.01,CTOI,1.0,0.5,ExoFOP CTOI Catalog (Candidate)
140298355,140298355.01,CTOI,1.0,0.5,ExoFOP CTOI Catalog (Candidate)
140659980,140659980.01,CTOI,1.0,0.5,ExoFOP CTOI Catalog (Candidate)
140659980,140659980.02,CTOI,1.0,0.5,ExoFOP CTOI Catalog (Candidate)
141268467,141268467.01,CTOI,1.0,0.5,ExoFOP CTOI Catalog (Candidate)
141268467,141268467.02,CTOI,1.0,0.5,ExoFOP CTOI Catalog (Candidate)
141622065,141622065.01,CTOI,1.0,0.5,ExoFOP CTOI Catalog (Candidate)
141622065,141622065.02,CTOI,1.0,0.5,ExoFOP CTOI Catalog (Candidate)
141708335,141708335.01,CTOI,1.0,0.5,ExoFOP CTOI Catalog (Candidate)
141770592,141770592.01,CTOI,1.0,0.5,ExoFOP CTOI Catalog (Candidate)
141809359,141809359.01,CTOI,1.0,0.5,ExoFOP CTOI Catalog (Candidate)
141809359,141809359.02,CTOI,1.0,0.5,ExoFOP CTOI Catalog (Candidate)
141943694,141943694.01,CTOI,1.0,0.5,ExoFOP CTOI Catalog (Candidate)
143924219,143924219.01,CTOI,1.0,0.5,ExoFOP CTOI Catalog (Candidate)
143924219,143924219.02,CTOI,1.0,0.5,ExoFOP CTOI Catalog (Candidate)
144000467,144000467.01,CTOI,1.0,0.5,ExoFOP CTOI Catalog (Candidate)
144000467,144000467.02,CTOI,1.0,0.5,ExoFOP CTOI Catalog (Candidate)
144462697,144462697.01,CTOI,1.0,0.5,ExoFOP CTOI Catalog (Candidate)
144462697,144462697.02,CTOI,1.0,0.5,ExoFOP CTOI Catalog (Candidate)
145601161,145601161.01,CTOI,1.0,0.5,ExoFOP CTOI Catalog (Candidate)
146627106,146627106.01,CTOI,1.0,0.5,ExoFOP CTOI Catalog (Candidate)
147115277,147115277.01,CTOI,1.0,0.5,ExoFOP CTOI Catalog (Candidate)
147855066,147855066.01,CTOI,1.0,0.5,ExoFOP CTOI Catalog (Candidate)
148158540,148158540.01,CTOI,1.0,0.5,ExoFOP CTOI Catalog (Candidate)
149928173,149928173.01,CTOI,1.0,0.5,ExoFOP CTOI Catalog (Candidate)
149990098,149990098.01,CTOI,1.0,0.5,ExoFOP CTOI Catalog (Candidate)
150101472,150101472.01,CTOI,1.0,0.5,ExoFOP CTOI Catalog (Candidate)
150429807,150429807.01,CTOI,1.0,0.5,ExoFOP CTOI Catalog (Candidate)
150431920,150431920.01,CTOI,1.0,0.5,ExoFOP CTOI Catalog (Candidate)
150442264,150442264.01,CTOI,1.0,0.5,ExoFOP CTOI Catalog (Candidate)
150442264,150442264.02,CTOI,1.0,0.5,ExoFOP CTOI Catalog (Candidate)
152070435,152070435.01,CTOI,1.0,0.5,ExoFOP CTOI Catalog (Candidate)
152223725,152223725.01,CTOI,1.0,0.5,ExoFOP CTOI Catalog (Candidate)
152223725,152223725.02,CTOI,1.0,0.5,ExoFOP CTOI Catalog (Candidate)
152283270,152283270.01,CTOI,1.0,0.5,ExoFOP CTOI Catalog (Candidate)
152359413,152359413.01,CTOI,1.0,0.5,ExoFOP CTOI Catalog (Candidate)
152366332,152366332.01,CTOI,1.0,0.5,ExoFOP CTOI Catalog (Candidate)
160036449,160036449.01,CTOI,1.0,0.5,ExoFOP CTOI Catalog (Candidate)
160036449,160036449.02,CTOI,1.0,0.5,ExoFOP CTOI Catalog (Candidate)
161132119,161132119.01,CTOI,1.0,0.5,ExoFOP CTOI Catalog (Candidate)
161478895,161478895.01,CTOI,1.0,0.5,ExoFOP CTOI Catalog (Candidate)
161577376,161577376.01,CTOI,1.0,0.5,ExoFOP CTOI Catalog (Candidate)
162305348,162305348.01,CTOI,1.0,0.5,ExoFOP CTOI Catalog (Candidate)
165110772,165110772.01,CTOI,1.0,0.5,ExoFOP CTOI Catalog (Candidate)
165493409,165493409.01,CTOI,1.0,0.5,ExoFOP CTOI Catalog (Candidate)
167005326,167005326.01,CTOI,1.0,0.5,ExoFOP CTOI Catalog (Candidate)
167554898,167554898.01,CTOI,1.0,0.5,ExoFOP CTOI Catalog (Candidate)
167653919,167653919.01,CTOI,1.0,0.5,ExoFOP CTOI Catalog (Candidate)
167692429,167692429.01,CTOI,1.0,0.5,ExoFOP CTOI Catalog (Candidate)
167692429,167692429.02,CTOI,1.0,0.5,ExoFOP CTOI Catalog (Candidate)
167792080,167792080.01,CTOI,1.0,0.5,ExoFOP CTOI Catalog (Candidate)
169251938,169251938.01,CTOI,1.0,0.5,ExoFOP CTOI Catalog (Candidate)
176871438,176871438.01,CTOI,1.0,0.5,ExoFOP CTOI Catalog (Candidate)
177077475,177077475.01,CTOI,1.0,0.5,ExoFOP CTOI Catalog (Candidate)
177350401,177350401.01,CTOI,1.0,0.5,ExoFOP CTOI Catalog (Candidate)
178154917,178154917.01,CTOI,1.0,0.5,ExoFOP CTOI Catalog (Candidate)
178472673,178472673.01,CTOI,1.0,0.5,ExoFOP CTOI Catalog (Candidate)
180412528,180412528.01,CTOI,1.0,0.5,ExoFOP CTOI Catalog (Candidate)
180412528,180412528.02,CTOI,1.0,0.5,ExoFOP CTOI Catalog (Candidate)
188619138,188619138.01,CTOI,1.0,0.5,ExoFOP CTOI Catalog (Candidate)
191672086,191672086.01,CTOI,1.0,0.5,ExoFOP CTOI Catalog (Candidate)
197596346,197596346.01,CTOI,1.0,0.5,ExoFOP CTOI Catalog (Candidate)
197736350,197736350.01,CTOI,1.0,0.5,ExoFOP CTOI Catalog (Candidate)
197760286,197760286.01,CTOI,1.0,0.5,ExoFOP CTOI Catalog (Candidate)
201234926,201234926.01,CTOI,1.0,0.5,ExoFOP CTOI Catalog (Candidate)
201256771,201256771.01,CTOI,1.0,0.5,ExoFOP CTOI Catalog (Candidate)
201256771,201256771.02,CTOI,1.0,0.5,ExoFOP CTOI Catalog (Candidate)
201293780,201293780.01,CTOI,1.0,0.5,ExoFOP CTOI Catalog (Candidate)
201293780,201293780.02,CTOI,1.0,0.5,ExoFOP CTOI Catalog (Candidate)
204327008,204327008.01,CTOI,1.0,0.5,ExoFOP CTOI Catalog (Candidate)
204327008,204327008.02,CTOI,1.0,0.5,ExoFOP CTOI Catalog (Candidate)
204497617,204497617.01,CTOI,1.0,0.5,ExoFOP CTOI Catalog (Candidate)
204497617,204497617.02,CTOI,1.0,0.5,ExoFOP CTOI Catalog (Candidate)
206462116,206462116.01,CTOI,1.0,0.5,ExoFOP CTOI Catalog (Candidate)
206462116,206462116.02,CTOI,1.0,0.5,ExoFOP CTOI Catalog (Candidate)
206544316,206544316.01,CTOI,1.0,0.5,ExoFOP CTOI Catalog (Candidate)
206544316,206544316.02,CTOI,1.0,0.5,ExoFOP CTOI Catalog (Candidate)
206544316,206544316.03,CTOI,1.0,0.5,ExoFOP CTOI Catalog (Candidate)
206544316,206544316.04,CTOI,1.0,0.5,ExoFOP CTOI Catalog (Candidate)
206556127,206556127.01,CTOI,1.0,0.5,ExoFOP CTOI Catalog (Candidate)
206660104,206660104.01,CTOI,1.0,0.5,ExoFOP CTOI Catalog (Candidate)
207080350,207080350.01,CTOI,1.0,0.5,ExoFOP CTOI Catalog (Candidate)
207080350,207080350.02,CTOI,1.0,0.5,ExoFOP CTOI Catalog (Candidate)
211116547,211116547.01,CTOI,1.0,0.5,ExoFOP CTOI Catalog (Candidate)
211380233,211380233.01,CTOI,1.0,0.5,ExoFOP CTOI Catalog (Candidate)
212323118,212323118.01,CTOI,1.0,0.5,ExoFOP CTOI Catalog (Candidate)
212378056,212378056.01,CTOI,1.0,0.5,ExoFOP CTOI Catalog (Candidate)
214299966,214299966.01,CTOI,1.0,0.5,ExoFOP CTOI Catalog (Candidate)
214517366,214517366.01,CTOI,1.0,0.5,ExoFOP CTOI Catalog (Candidate)
216190934,216190934.01,CTOI,1.0,0.5,ExoFOP CTOI Catalog (Candidate)
219201178,219201178.01,CTOI,1.0,0.5,ExoFOP CTOI Catalog (Candidate)
219308281,219308281.01,CTOI,1.0,0.5,ExoFOP CTOI Catalog (Candidate)
219308281,219308281.02,CTOI,1.0,0.5,ExoFOP CTOI Catalog (Candidate)
219322317,219322317.01,CTOI,1.0,0.5,ExoFOP CTOI Catalog (Candidate)
220388567,220388567.01,CTOI,1.0,0.5,ExoFOP CTOI Catalog (Candidate)
220402290,220402290.01,CTOI,1.0,0.5,ExoFOP CTOI Catalog (Candidate)
220402290,220402290.02,CTOI,1.0,0.5,ExoFOP CTOI Catalog (Candidate)
220408612,220408612.01,CTOI,1.0,0.5,ExoFOP CTOI Catalog (Candidate)
220408612,220408612.02,CTOI,1.0,0.5,ExoFOP CTOI Catalog (Candidate)
220474209,220474209.01,CTOI,1.0,0.5,ExoFOP CTOI Catalog (Candidate)
220474209,220474209.02,CTOI,1.0,0.5,ExoFOP CTOI Catalog (Candidate)
220523550,220523550.01,CTOI,1.0,0.5,ExoFOP CTOI Catalog (Candidate)
220523550,220523550.02,CTOI,1.0,0.5,ExoFOP CTOI Catalog (Candidate)
220567625,220567625.01,CTOI,1.0,0.5,ExoFOP CTOI Catalog (Candidate)
220567625,220567625.02,CTOI,1.0,0.5,ExoFOP CTOI Catalog (Candidate)
222078568,222078568.01,CTOI,1.0,0.5,ExoFOP CTOI Catalog (Candidate)
228463329,228463329.01,CTOI,1.0,0.5,ExoFOP CTOI Catalog (Candidate)
229055790,229055790.01,CTOI,1.0,0.5,ExoFOP CTOI Catalog (Candidate)
229064630,229064630.01,CTOI,1.0,0.5,ExoFOP CTOI Catalog (Candidate)
229076808,229076808.01,CTOI,1.0,0.5,ExoFOP CTOI Catalog (Candidate)
229808144,229808144.01,CTOI,1.0,0.5,ExoFOP CTOI Catalog (Candidate)
229808144,229808144.02,CTOI,1.0,0.5,ExoFOP CTOI Catalog (Candidate)
231279823,231279823.01,CTOI,1.0,0.5,ExoFOP CTOI Catalog (Candidate)
231714759,231714759.01,CTOI,1.0,0.5,ExoFOP CTOI Catalog (Candidate)
231714759,231714759.02,CTOI,1.0,0.5,ExoFOP CTOI Catalog (Candidate)
231833061,231833061.01,CTOI,1.0,0.5,ExoFOP CTOI Catalog (Candidate)
231833061,231833061.02,CTOI,1.0,0.5,ExoFOP CTOI Catalog (Candidate)
231840927,231840927.01,CTOI,1.0,0.5,ExoFOP CTOI Catalog (Candidate)
231860752,231860752.01,CTOI,1.0,0.5,ExoFOP CTOI Catalog (Candidate)
234284556,234284556.01,CTOI,1.0,0.5,ExoFOP CTOI Catalog (Candidate)
234347951,234347951.01,CTOI,1.0,0.5,ExoFOP CTOI Catalog (Candidate)
234347951,234347951.02,CTOI,1.0,0.5,ExoFOP CTOI Catalog (Candidate)
234518605,234518605.01,CTOI,1.0,0.5,ExoFOP CTOI Catalog (Candidate)
235060821,235060821.01,CTOI,1.0,0.5,ExoFOP CTOI Catalog (Candidate)
237332597,237332597.01,CTOI,1.0,0.5,ExoFOP CTOI Catalog (Candidate)
237332597,237332597.02,CTOI,1.0,0.5,ExoFOP CTOI Catalog (Candidate)
237342298,237342298.01,CTOI,1.0,0.5,ExoFOP CTOI Catalog (Candidate)
237729561,237729561.01,CTOI,1.0,0.5,ExoFOP CTOI Catalog (Candidate)
238027971,238027971.01,CTOI,1.0,0.5,ExoFOP CTOI Catalog (Candidate)
238229705,238229705.01,CTOI,1.0,0.5,ExoFOP CTOI Catalog (Candidate)
243417115,243417115.01,CTOI,1.0,0.5,ExoFOP CTOI Catalog (Candidate)
247160131,247160131.01,CTOI,1.0,0.5,ExoFOP CTOI Catalog (Candidate)
247934029,247934029.01,CTOI,1.0,0.5,ExoFOP CTOI Catalog (Candidate)
248959076,248959076.01,CTOI,1.0,0.5,ExoFOP CTOI Catalog (Candidate)
248960573,248960573.01,CTOI,1.0,0.5,ExoFOP CTOI Catalog (Candidate)
251087387,251087387.01,CTOI,1.0,0.5,ExoFOP CTOI Catalog (Candidate)
251829136,251829136.01,CTOI,1.0,0.5,ExoFOP CTOI Catalog (Candidate)
253553257,253553257.01,CTOI,1.0,0.5,ExoFOP CTOI Catalog (Candidate)
253922296,253922296.01,CTOI,1.0,0.5,ExoFOP CTOI Catalog (Candidate)
253922296,253922296.02,CTOI,1.0,0.5,ExoFOP CTOI Catalog (Candidate)
253928535,253928535.01,CTOI,1.0,0.5,ExoFOP CTOI Catalog (Candidate)
255989063,255989063.01,CTOI,1.0,0.5,ExoFOP CTOI Catalog (Candidate)
259784884,259784884.01,CTOI,1.0,0.5,ExoFOP CTOI Catalog (Candidate)
259784884,259784884.02,CTOI,1.0,0.5,ExoFOP CTOI Catalog (Candidate)
260132330,260132330.01,CTOI,1.0,0.5,ExoFOP CTOI Catalog (Candidate)
260502102,260502102.01,CTOI,1.0,0.5,ExoFOP CTOI Catalog (Candidate)
260502102,260502102.02,CTOI,1.0,0.5,ExoFOP CTOI Catalog (Candidate)
260504147,260504147.01,CTOI,1.0,0.5,ExoFOP CTOI Catalog (Candidate)
260639999,260639999.01,CTOI,1.0,0.5,ExoFOP CTOI Catalog (Candidate)
260657291,260657291.01,CTOI,1.0,0.5,ExoFOP CTOI Catalog (Candidate)
260756218,260756218.01,CTOI,1.0,0.5,ExoFOP CTOI Catalog (Candidate)
261107974,261107974.01,CTOI,1.0,0.5,ExoFOP CTOI Catalog (Candidate)
261136000,261136000.01,CTOI,1.0,0.5,ExoFOP CTOI Catalog (Candidate)
261155038,261155038.01,CTOI,1.0,0.5,ExoFOP CTOI Catalog (Candidate)
261261490,261261490.01,CTOI,1.0,0.5,ExoFOP CTOI Catalog (Candidate)
261335113,261335113.01,CTOI,1.0,0.5,ExoFOP CTOI Catalog (Candidate)
261335113,261335113.02,CTOI,1.0,0.5,ExoFOP CTOI Catalog (Candidate)
263074592,263074592.01,CTOI,1.0,0.5,ExoFOP CTOI Catalog (Candidate)
263074592,263074592.02,CTOI,1.0,0.5,ExoFOP CTOI Catalog (Candidate)
264537668,264537668.01,CTOI,1.0,0.5,ExoFOP CTOI Catalog (Candidate)
264766922,264766922.01,CTOI,1.0,0.5,ExoFOP CTOI Catalog (Candidate)
265453074,265453074.01,CTOI,1.0,0.5,ExoFOP CTOI Catalog (Candidate)
265469420,265469420.01,CTOI,1.0,0.5,ExoFOP CTOI Catalog (Candidate)
265469420,265469420.02,CTOI,1.0,0.5,ExoFOP CTOI Catalog (Candidate)
265489698,265489698.01,CTOI,1.0,0.5,ExoFOP CTOI Catalog (Candidate)
265489698,265489698.02,CTOI,1.0,0.5,ExoFOP CTOI Catalog (Candidate)
265613590,265613590.01,CTOI,1.0,0.5,ExoFOP CTOI Catalog (Candidate)
265613590,265613590.02,CTOI,1.0,0.5,ExoFOP CTOI Catalog (Candidate)
266376971,266376971.01,CTOI,1.0,0.5,ExoFOP CTOI Catalog (Candidate)
266680498,266680498.01,CTOI,1.0,0.5,ExoFOP CTOI Catalog (Candidate)
266996791,266996791.01,CTOI,1.0,0.5,ExoFOP CTOI Catalog (Candidate)
266996791,266996791.02,CTOI,1.0,0.5,ExoFOP CTOI Catalog (Candidate)
267185423,267185423.01,CTOI,1.0,0.5,ExoFOP CTOI Catalog (Candidate)
267608606,267608606.01,CTOI,1.0,0.5,ExoFOP CTOI Catalog (Candidate)
268529943,268529943.01,CTOI,1.0,0.5,ExoFOP CTOI Catalog (Candidate)
269829384,269829384.01,CTOI,1.0,0.5,ExoFOP CTOI Catalog (Candidate)
269829384,269829384.02,CTOI,1.0,0.5,ExoFOP CTOI Catalog (Candidate)
270677759,270677759.01,CTOI,1.0,0.5,ExoFOP CTOI Catalog (Candidate)
271013213,271013213.01,CTOI,1.0,0.5,ExoFOP CTOI Catalog (Candidate)
271369421,271369421.01,CTOI,1.0,0.5,ExoFOP CTOI Catalog (Candidate)
271642609,271642609.01,CTOI,1.0,0.5,ExoFOP CTOI Catalog (Candidate)
271698144,271698144.01,CTOI,1.0,0.5,ExoFOP CTOI Catalog (Candidate)
271903417,271903417.01,CTOI,1.0,0.5,ExoFOP CTOI Catalog (Candidate)
271971626,271971626.01,CTOI,1.0,0.5,ExoFOP CTOI Catalog (Candidate)
272086938,272086938.01,CTOI,1.0,0.5,ExoFOP CTOI Catalog (Candidate)
272357134,272357134.01,CTOI,1.0,0.5,ExoFOP CTOI Catalog (Candidate)
272357134,272357134.02,CTOI,1.0,0.5,ExoFOP CTOI Catalog (Candidate)
272466980,272466980.01,CTOI,1.0,0.5,ExoFOP CTOI Catalog (Candidate)
273792220,273792220.01,CTOI,1.0,0.5,ExoFOP CTOI Catalog (Candidate)
273792220,273792220.02,CTOI,1.0,0.5,ExoFOP CTOI Catalog (Candidate)
275083922,275083922.01,CTOI,1.0,0.5,ExoFOP CTOI Catalog (Candidate)
275179540,275179540.01,CTOI,1.0,0.5,ExoFOP CTOI Catalog (Candidate)
277649549,277649549.01,CTOI,1.0,0.5,ExoFOP CTOI Catalog (Candidate)
277649549,277649549.02,CTOI,1.0,0.5,ExoFOP CTOI Catalog (Candidate)
277712294,277712294.01,CTOI,1.0,0.5,ExoFOP CTOI Catalog (Candidate)
278661431,278661431.01,CTOI,1.0,0.5,ExoFOP CTOI Catalog (Candidate)
278683641,278683641.01,CTOI,1.0,0.5,ExoFOP CTOI Catalog (Candidate)
278683641,278683641.02,CTOI,1.0,0.5,ExoFOP CTOI Catalog (Candidate)
278784173,278784173.01,CTOI,1.0,0.5,ExoFOP CTOI Catalog (Candidate)
278988794,278988794.01,CTOI,1.0,0.5,ExoFOP CTOI Catalog (Candidate)
278988794,278988794.02,CTOI,1.0,0.5,ExoFOP CTOI Catalog (Candidate)
278990954,278990954.01,CTOI,1.0,0.5,ExoFOP CTOI Catalog (Candidate)
279314488,279314488.01,CTOI,1.0,0.5,ExoFOP CTOI Catalog (Candidate)
279314488,279314488.02,CTOI,1.0,0.5,ExoFOP CTOI Catalog (Candidate)
279322914,279322914.01,CTOI,1.0,0.5,ExoFOP CTOI Catalog (Candidate)
281461138,281461138.01,CTOI,1.0,0.5,ExoFOP CTOI Catalog (Candidate)
281599144,281599144.01,CTOI,1.0,0.5,ExoFOP CTOI Catalog (Candidate)
281650462,281650462.01,CTOI,1.0,0.5,ExoFOP CTOI Catalog (Candidate)
281851658,281851658.01,CTOI,1.0,0.5,ExoFOP CTOI Catalog (Candidate)
282272435,282272435.01,CTOI,1.0,0.5,ExoFOP CTOI Catalog (Candidate)
286097964,286097964.01,CTOI,1.0,0.5,ExoFOP CTOI Catalog (Candidate)
287328866,287328866.01,CTOI,1.0,0.5,ExoFOP CTOI Catalog (Candidate)
287328866,287328866.02,CTOI,1.0,0.5,ExoFOP CTOI Catalog (Candidate)
287351976,287351976.01,CTOI,1.0,0.5,ExoFOP CTOI Catalog (Candidate)
287351976,287351976.02,CTOI,1.0,0.5,ExoFOP CTOI Catalog (Candidate)
287428978,287428978.01,CTOI,1.0,0.5,ExoFOP CTOI Catalog (Candidate)
287496048,287496048.01,CTOI,1.0,0.5,ExoFOP CTOI Catalog (Candidate)
287534359,287534359.01,CTOI,1.0,0.5,ExoFOP CTOI Catalog (Candidate)
287720584,287720584.01,CTOI,1.0,0.5,ExoFOP CTOI Catalog (Candidate)
289596640,289596640.01,CTOI,1.0,0.5,ExoFOP CTOI Catalog (Candidate)
290044434,290044434.01,CTOI,1.0,0.5,ExoFOP CTOI Catalog (Candidate)
290049697,290049697.01,CTOI,1.0,0.5,ExoFOP CTOI Catalog (Candidate)
293480903,293480903.01,CTOI,1.0,0.5,ExoFOP CTOI Catalog (Candidate)
293480903,293480903.02,CTOI,1.0,0.5,ExoFOP CTOI Catalog (Candidate)
293649602,293649602.01,CTOI,1.0,0.5,ExoFOP CTOI Catalog (Candidate)
293689267,293689267.01,CTOI,1.0,0.5,ExoFOP CTOI Catalog (Candidate)
294097549,294097549.01,CTOI,1.0,0.5,ExoFOP CTOI Catalog (Candidate)
294097549,294097549.02,CTOI,1.0,0.5,ExoFOP CTOI Catalog (Candidate)
294501647,294501647.01,CTOI,1.0,0.5,ExoFOP CTOI Catalog (Candidate)
295176393,295176393.01,CTOI,1.0,0.5,ExoFOP CTOI Catalog (Candidate)
296859112,296859112.01,CTOI,1.0,0.5,ExoFOP CTOI Catalog (Candidate)
297701617,297701617.01,CTOI,1.0,0.5,ExoFOP CTOI Catalog (Candidate)
299739645,299739645.01,CTOI,1.0,0.5,ExoFOP CTOI Catalog (Candidate)
300013489,300013489.01,CTOI,1.0,0.5,ExoFOP CTOI Catalog (Candidate)
300448520,300448520.01,CTOI,1.0,0.5,ExoFOP CTOI Catalog (Candidate)
300560295,300560295.01,CTOI,1.0,0.5,ExoFOP CTOI Catalog (Candidate)
300708926,300708926.01,CTOI,1.0,0.5,ExoFOP CTOI Catalog (Candidate)
300903537,300903537.01,CTOI,1.0,0.5,ExoFOP CTOI Catalog (Candidate)
300903537,300903537.02,CTOI,1.0,0.5,ExoFOP CTOI Catalog (Candidate)
300903537,300903537.03,CTOI,1.0,0.5,ExoFOP CTOI Catalog (Candidate)
301558096,301558096.01,CTOI,1.0,0.5,ExoFOP CTOI Catalog (Candidate)
301980639,301980639.01,CTOI,1.0,0.5,ExoFOP CTOI Catalog (Candidate)
302926645,302926645.01,CTOI,1.0,0.5,ExoFOP CTOI Catalog (Candidate)
303050301,303050301.01,CTOI,1.0,0.5,ExoFOP CTOI Catalog (Candidate)
303909865,303909865.01,CTOI,1.0,0.5,ExoFOP CTOI Catalog (Candidate)
303909865,303909865.02,CTOI,1.0,0.5,ExoFOP CTOI Catalog (Candidate)
306580215,306580215.01,CTOI,1.0,0.5,ExoFOP CTOI Catalog (Candidate)
306635088,306635088.01,CTOI,1.0,0.5,ExoFOP CTOI Catalog (Candidate)
306931668,306931668.01,CTOI,1.0,0.5,ExoFOP CTOI Catalog (Candidate)
307085007,307085007.01,CTOI,1.0,0.5,ExoFOP CTOI Catalog (Candidate)
308086497,308086497.01,CTOI,1.0,0.5,ExoFOP CTOI Catalog (Candidate)
308183430,308183430.01,CTOI,1.0,0.5,ExoFOP CTOI Catalog (Candidate)
308851582,308851582.01,CTOI,1.0,0.5,ExoFOP CTOI Catalog (Candidate)
308851582,308851582.02,CTOI,1.0,0.5,ExoFOP CTOI Catalog (Candidate)
308991822,308991822.01,CTOI,1.0,0.5,ExoFOP CTOI Catalog (Candidate)
308991822,308991822.02,CTOI,1.0,0.5,ExoFOP CTOI Catalog (Candidate)
309146836,309146836.01,CTOI,1.0,0.5,ExoFOP CTOI Catalog (Candidate)
309146836,309146836.02,CTOI,1.0,0.5,ExoFOP CTOI Catalog (Candidate)
309658221,309658221.01,CTOI,1.0,0.5,ExoFOP CTOI Catalog (Candidate)
309658221,309658221.02,CTOI,1.0,0.5,ExoFOP CTOI Catalog (Candidate)
311127297,311127297.01,CTOI,1.0,0.5,ExoFOP CTOI Catalog (Candidate)
314888045,314888045.01,CTOI,1.0,0.5,ExoFOP CTOI Catalog (Candidate)
316340057,316340057.01,CTOI,1.0,0.5,ExoFOP CTOI Catalog (Candidate)
325205605,325205605.01,CTOI,1.0,0.5,ExoFOP CTOI Catalog (Candidate)
325205605,325205605.02,CTOI,1.0,0.5,ExoFOP CTOI Catalog (Candidate)
325469795,325469795.01,CTOI,1.0,0.5,ExoFOP CTOI Catalog (Candidate)
325469795,325469795.02,CTOI,1.0,0.5,ExoFOP CTOI Catalog (Candidate)
326356701,326356701.01,CTOI,1.0,0.5,ExoFOP CTOI Catalog (Candidate)
326356701,326356701.02,CTOI,1.0,0.5,ExoFOP CTOI Catalog (Candidate)
326397318,326397318.01,CTOI,1.0,0.5,ExoFOP CTOI Catalog (Candidate)
327667965,327667965.01,CTOI,1.0,0.5,ExoFOP CTOI Catalog (Candidate)
328162246,328162246.01,CTOI,1.0,0.5,ExoFOP CTOI Catalog (Candidate)
343834897,343834897.01,CTOI,1.0,0.5,ExoFOP CTOI Catalog (Candidate)
343963409,343963409.01,CTOI,1.0,0.5,ExoFOP CTOI Catalog (Candidate)
349059448,349059448.01,CTOI,1.0,0.5,ExoFOP CTOI Catalog (Candidate)
349154435,349154435.01,CTOI,1.0,0.5,ExoFOP CTOI Catalog (Candidate)
349154435,349154435.02,CTOI,1.0,0.5,ExoFOP CTOI Catalog (Candidate)
349304574,349304574.01,CTOI,1.0,0.5,ExoFOP CTOI Catalog (Candidate)
349373226,349373226.01,CTOI,1.0,0.5,ExoFOP CTOI Catalog (Candidate)
349518145,349518145.01,CTOI,1.0,0.5,ExoFOP CTOI Catalog (Candidate)
349575563,349575563.01,CTOI,1.0,0.5,ExoFOP CTOI Catalog (Candidate)
349647697,349647697.01,CTOI,1.0,0.5,ExoFOP CTOI Catalog (Candidate)
349647697,349647697.02,CTOI,1.0,0.5,ExoFOP CTOI Catalog (Candidate)
350190639,350190639.01,CTOI,1.0,0.5,ExoFOP CTOI Catalog (Candidate)
350274116,350274116.01,CTOI,1.0,0.5,ExoFOP CTOI Catalog (Candidate)
350479101,350479101.01,CTOI,1.0,0.5,ExoFOP CTOI Catalog (Candidate)
350479101,350479101.02,CTOI,1.0,0.5,ExoFOP CTOI Catalog (Candidate)
350480660,350480660.01,CTOI,1.0,0.5,ExoFOP CTOI Catalog (Candidate)
350820812,350820812.01,CTOI,1.0,0.5,ExoFOP CTOI Catalog (Candidate)
351518773,351518773.01,CTOI,1.0,0.5,ExoFOP CTOI Catalog (Candidate)
352008089,352008089.01,CTOI,1.0,0.5,ExoFOP CTOI Catalog (Candidate)
352718668,352718668.01,CTOI,1.0,0.5,ExoFOP CTOI Catalog (Candidate)
355601117,355601117.01,CTOI,1.0,0.5,ExoFOP CTOI Catalog (Candidate)
355601117,355601117.02,CTOI,1.0,0.5,ExoFOP CTOI Catalog (Candidate)
358457398,358457398.01,CTOI,1.0,0.5,ExoFOP CTOI Catalog (Candidate)
358457398,358457398.02,CTOI,1.0,0.5,ExoFOP CTOI Catalog (Candidate)
359683436,359683436.01,CTOI,1.0,0.5,ExoFOP CTOI Catalog (Candidate)
360205899,360205899.01,CTOI,1.0,0.5,ExoFOP CTOI Catalog (Candidate)
364302118,364302118.01,CTOI,1.0,0.5,ExoFOP CTOI Catalog (Candidate)
364302118,364302118.02,CTOI,1.0,0.5,ExoFOP CTOI Catalog (Candidate)
365463946,365463946.01,CTOI,1.0,0.5,ExoFOP CTOI Catalog (Candidate)
369456296,369456296.01,CTOI,1.0,0.5,ExoFOP CTOI Catalog (Candidate)
369779127,369779127.01,CTOI,1.0,0.5,ExoFOP CTOI Catalog (Candidate)
370324073,370324073.01,CTOI,1.0,0.5,ExoFOP CTOI Catalog (Candidate)
370324073,370324073.02,CTOI,1.0,0.5,ExoFOP CTOI Catalog (Candidate)
372225049,372225049.01,CTOI,1.0,0.5,ExoFOP CTOI Catalog (Candidate)
372909935,372909935.01,CTOI,1.0,0.5,ExoFOP CTOI Catalog (Candidate)
373026096,373026096.01,CTOI,1.0,0.5,ExoFOP CTOI Catalog (Candidate)
373136570,373136570.01,CTOI,1.0,0.5,ExoFOP CTOI Catalog (Candidate)
374732772,374732772.01,CTOI,1.0,0.5,ExoFOP CTOI Catalog (Candidate)
375270644,375270644.01,CTOI,1.0,0.5,ExoFOP CTOI Catalog (Candidate)
375477302,375477302.01,CTOI,1.0,0.5,ExoFOP CTOI Catalog (Candidate)
380079216,380079216.01,CTOI,1.0,0.5,ExoFOP CTOI Catalog (Candidate)
380717159,380717159.01,CTOI,1.0,0.5,ExoFOP CTOI Catalog (Candidate)
381854774,381854774.01,CTOI,1.0,0.5,ExoFOP CTOI Catalog (Candidate)
382517745,382517745.01,CTOI,1.0,0.5,ExoFOP CTOI Catalog (Candidate)
382517745,382517745.02,CTOI,1.0,0.5,ExoFOP CTOI Catalog (Candidate)
384747920,384747920.01,CTOI,1.0,0.5,ExoFOP CTOI Catalog (Candidate)
388128308,388128308.01,CTOI,1.0,0.5,ExoFOP CTOI Catalog (Candidate)
389041242,389041242.01,CTOI,1.0,0.5,ExoFOP CTOI Catalog (Candidate)
391947345,391947345.01,CTOI,1.0,0.5,ExoFOP CTOI Catalog (Candidate)
394230860,394230860.01,CTOI,1.0,0.5,ExoFOP CTOI Catalog (Candidate)
394230860,394230860.02,CTOI,1.0,0.5,ExoFOP CTOI Catalog (Candidate)
394585218,394585218.01,CTOI,1.0,0.5,ExoFOP CTOI Catalog (Candidate)
394585218,394585218.02,CTOI,1.0,0.5,ExoFOP CTOI Catalog (Candidate)
404346622,404346622.01,CTOI,1.0,0.5,ExoFOP CTOI Catalog (Candidate)
404804908,404804908.01,CTOI,1.0,0.5,ExoFOP CTOI Catalog (Candidate)
404927661,404927661.01,CTOI,1.0,0.5,ExoFOP CTOI Catalog (Candidate)
404927661,404927661.02,CTOI,1.0,0.5,ExoFOP CTOI Catalog (Candidate)
405687343,405687343.01,CTOI,1.0,0.5,ExoFOP CTOI Catalog (Candidate)
406276109,406276109.01,CTOI,1.0,0.5,ExoFOP CTOI Catalog (Candidate)
406276109,406276109.02,CTOI,1.0,0.5,ExoFOP CTOI Catalog (Candidate)
407584737,407584737.01,CTOI,1.0,0.5,ExoFOP CTOI Catalog (Candidate)
407584737,407584737.02,CTOI,1.0,0.5,ExoFOP CTOI Catalog (Candidate)
407661994,407661994.01,CTOI,1.0,0.5,ExoFOP CTOI Catalog (Candidate)
409141608,409141608.01,CTOI,1.0,0.5,ExoFOP CTOI Catalog (Candidate)
409473377,409473377.01,CTOI,1.0,0.5,ExoFOP CTOI Catalog (Candidate)
409891396,409891396.01,CTOI,1.0,0.5,ExoFOP CTOI Catalog (Candidate)
413162396,413162396.01,CTOI,1.0,0.5,ExoFOP CTOI Catalog (Candidate)
417830114,417830114.01,CTOI,1.0,0.5,ExoFOP CTOI Catalog (Candidate)
419744996,419744996.01,CTOI,1.0,0.5,ExoFOP CTOI Catalog (Candidate)
419744996,419744996.02,CTOI,1.0,0.5,ExoFOP CTOI Catalog (Candidate)
421472503,421472503.01,CTOI,1.0,0.5,ExoFOP CTOI Catalog (Candidate)
422650433,422650433.01,CTOI,1.0,0.5,ExoFOP CTOI Catalog (Candidate)
422650438,422650438.01,CTOI,1.0,0.5,ExoFOP CTOI Catalog (Candidate)
424730711,424730711.01,CTOI,1.0,0.5,ExoFOP CTOI Catalog (Candidate)
425585592,425585592.01,CTOI,1.0,0.5,ExoFOP CTOI Catalog (Candidate)
434105091,434105091.01,CTOI,1.0,0.5,ExoFOP CTOI Catalog (Candidate)
434307868,434307868.01,CTOI,1.0,0.5,ExoFOP CTOI Catalog (Candidate)
436663419,436663419.01,CTOI,1.0,0.5,ExoFOP CTOI Catalog (Candidate)
437234869,437234869.01,CTOI,1.0,0.5,ExoFOP CTOI Catalog (Candidate)
437935628,437935628.01,CTOI,1.0,0.5,ExoFOP CTOI Catalog (Candidate)
439366537,439366537.01,CTOI,1.0,0.5,ExoFOP CTOI Catalog (Candidate)
441017467,441017467.01,CTOI,1.0,0.5,ExoFOP CTOI Catalog (Candidate)
441056242,441056242.01,CTOI,1.0,0.5,ExoFOP CTOI Catalog (Candidate)
441056702,441056702.01,CTOI,1.0,0.5,ExoFOP CTOI Catalog (Candidate)
441199415,441199415.01,CTOI,1.0,0.5,ExoFOP CTOI Catalog (Candidate)
441422220,441422220.01,CTOI,1.0,0.5,ExoFOP CTOI Catalog (Candidate)
441422220,441422220.02,CTOI,1.0,0.5,ExoFOP CTOI Catalog (Candidate)
441422527,441422527.01,CTOI,1.0,0.5,ExoFOP CTOI Catalog (Candidate)
449566969,449566969.01,CTOI,1.0,0.5,ExoFOP CTOI Catalog (Candidate)
449566969,449566969.02,CTOI,1.0,0.5,ExoFOP CTOI Catalog (Candidate)
453100658,453100658.01,CTOI,1.0,0.5,ExoFOP CTOI Catalog (Candidate)
461201151,461201151.01,CTOI,1.0,0.5,ExoFOP CTOI Catalog (Candidate)
466693177,466693177.01,CTOI,1.0,0.5,ExoFOP CTOI Catalog (Candidate)
468888472,468888472.01,CTOI,1.0,0.5,ExoFOP CTOI Catalog (Candidate)
468910725,468910725.01,CTOI,1.0,0.5,ExoFOP CTOI Catalog (Candidate)
468963200,468963200.01,CTOI,1.0,0.5,ExoFOP CTOI Catalog (Candidate)
1551345499,1551345499.01,CTOI,1.0,0.5,ExoFOP CTOI Catalog (Candidate)
